corpus	source_id	filename	status	reason
google_drive	101830	IMG_1830.PNG	unresolved_content	['exact text remains machine OCR, not visual transcription']
google_drive	101831	IMG_1831.PNG	unresolved_content	['exact text remains machine OCR, not visual transcription']
google_drive	101832	IMG_1832.PNG	unresolved_content	['exact text remains machine OCR, not visual transcription']
google_drive	101833	IMG_1833.PNG	unresolved_content	['exact text remains machine OCR, not visual transcription']
google_drive	101834	IMG_1834.PNG	unresolved_content	['exact text remains machine OCR, not visual transcription']
google_drive	101835	IMG_1835.PNG	unresolved_content	['exact text remains machine OCR, not visual transcription']
google_drive	101836	IMG_1836.PNG	unresolved_content	['exact text remains machine OCR, not visual transcription']
google_drive	101838	IMG_1838.PNG	unresolved_content	['exact text remains machine OCR, not visual transcription']
google_drive	101856	IMG_1856.PNG	unresolved_content	['exact text remains machine OCR, not visual transcription']
google_drive	101858	IMG_1858.PNG	unresolved_content	['exact text remains machine OCR, not visual transcription']
google_drive	101872	IMG_1872.PNG	unresolved_content	['exact text or identity relationship requires review']
google_drive	101882	IMG_1882.PNG	unresolved_content	['exact text remains machine OCR, not visual transcription']
google_drive	101886	IMG_1886.PNG	unresolved_content	['exact text remains machine OCR, not visual transcription']
google_drive	101887	IMG_1887.PNG	unresolved_content	['exact text remains machine OCR, not visual transcription']
google_drive	101890	IMG_1890.PNG	unresolved_content	['exact text remains machine OCR, not visual transcription']
google_drive	101891	IMG_1891.PNG	unresolved_content	['exact text remains machine OCR, not visual transcription']
google_drive	101892	IMG_1892.PNG	unresolved_content	['exact text remains machine OCR, not visual transcription']
google_drive	101893	IMG_1893.PNG	unresolved_content	['exact text remains machine OCR, not visual transcription']
google_drive	101894	IMG_1894.PNG	unresolved_content	['exact text remains machine OCR, not visual transcription']
google_drive	101895	IMG_1895.PNG	unresolved_content	['exact text remains machine OCR, not visual transcription']
google_drive	101903	IMG_1903.PNG	unresolved_content	['exact text remains machine OCR, not visual transcription']
google_drive	101904	IMG_1904.PNG	unresolved_content	['exact text remains machine OCR, not visual transcription', 'champion identity not reliably resolved from OCR']
google_drive	101908	IMG_1908.PNG	unresolved_content	['exact text remains machine OCR, not visual transcription', 'champion identity not reliably resolved from OCR']
google_drive	101909	IMG_1909.PNG	unresolved_content	['exact text remains machine OCR, not visual transcription', 'champion identity not reliably resolved from OCR']
google_drive	101913	IMG_1913.PNG	unresolved_content	['exact text remains machine OCR, not visual transcription']
google_drive	101939	IMG_1939.PNG	unresolved_content	['exact text remains machine OCR, not visual transcription']
google_drive	101940	IMG_1940.PNG	unresolved_content	['exact text remains machine OCR, not visual transcription']
google_drive	101954	IMG_1954.PNG	unresolved_content	['exact text remains machine OCR, not visual transcription']
google_drive	101957	IMG_1957.PNG	unresolved_content	['exact text remains machine OCR, not visual transcription']
google_drive	101958	IMG_1958.PNG	unresolved_content	['exact text remains machine OCR, not visual transcription']
google_drive	101959	IMG_1959.PNG	unresolved_content	['exact text remains machine OCR, not visual transcription']
google_drive	101968	IMG_1968.PNG	unresolved_content	['exact text remains machine OCR, not visual transcription']
google_drive	101969	IMG_1969.PNG	unresolved_content	['exact text remains machine OCR, not visual transcription']
google_drive	101970	IMG_1970.PNG	unresolved_content	['exact text remains machine OCR, not visual transcription', 'champion identity not reliably resolved from OCR']
google_drive	101971	IMG_1971.PNG	unresolved_content	['exact text remains machine OCR, not visual transcription', 'champion identity not reliably resolved from OCR']
google_drive	101981	IMG_1981.PNG	unresolved_content	['exact text remains machine OCR, not visual transcription', 'champion identity not reliably resolved from OCR']
google_drive	101984	IMG_1984.PNG	unresolved_content	['exact text remains machine OCR, not visual transcription', 'champion identity not reliably resolved from OCR']
google_drive	101989	IMG_1989.PNG	unresolved_content	['exact text remains machine OCR, not visual transcription']
google_drive	101990	IMG_1990.PNG	unresolved_content	['exact text remains machine OCR, not visual transcription']
google_drive	102012	IMG_2012.PNG	unresolved_content	['exact text remains machine OCR, not visual transcription']
google_drive	102013	IMG_2013.PNG	unresolved_content	['exact text remains machine OCR, not visual transcription', 'champion identity not reliably resolved from OCR']
google_drive	102014	IMG_2014.PNG	unresolved_content	['exact text remains machine OCR, not visual transcription', 'champion identity not reliably resolved from OCR']
google_drive	102017	IMG_2017.PNG	unresolved_content	['exact text remains machine OCR, not visual transcription']
google_drive	102022	IMG_2022.PNG	unresolved_content	['exact text remains machine OCR, not visual transcription', 'champion identity not reliably resolved from OCR']
google_drive	102023	IMG_2023.PNG	unresolved_content	['exact text remains machine OCR, not visual transcription', 'champion identity not reliably resolved from OCR']
google_drive	102038	IMG_2038.PNG	unresolved_content	['exact text remains machine OCR, not visual transcription']
google_drive	102039	IMG_2039.PNG	unresolved_content	['exact text remains machine OCR, not visual transcription']
google_drive	102040	IMG_2040.PNG	unresolved_content	['exact text remains machine OCR, not visual transcription', 'champion identity not reliably resolved from OCR']
google_drive	102060	IMG_2060.PNG	unresolved_content	['exact text remains machine OCR, not visual transcription']
google_drive	102070	IMG_2070.PNG	unresolved_content	['exact text remains machine OCR, not visual transcription', 'champion identity not reliably resolved from OCR']
google_drive	102088	IMG_2088.PNG	unresolved_content	['exact text remains machine OCR, not visual transcription', 'champion identity not reliably resolved from OCR']
google_drive	102090	IMG_2090.PNG	unresolved_content	['exact text remains machine OCR, not visual transcription']
google_drive	102091	IMG_2091.PNG	unresolved_content	['exact text remains machine OCR, not visual transcription']
google_drive	102092	IMG_2092.PNG	unresolved_content	['exact text remains machine OCR, not visual transcription']
google_drive	102093	IMG_2093.PNG	unresolved_content	['exact text remains machine OCR, not visual transcription']
google_drive	102094	IMG_2094.PNG	unresolved_content	['exact text remains machine OCR, not visual transcription']
google_drive	102095	IMG_2095.PNG	unresolved_content	['exact text remains machine OCR, not visual transcription']
google_drive	102096	IMG_2096.PNG	unresolved_content	['exact text remains machine OCR, not visual transcription']
google_drive	102097	IMG_2097.PNG	unresolved_content	['exact text remains machine OCR, not visual transcription']
google_drive	102098	IMG_2098.PNG	unresolved_content	['exact text remains machine OCR, not visual transcription']
google_drive	102099	IMG_2099.PNG	unresolved_content	['exact text remains machine OCR, not visual transcription']
google_drive	102100	IMG_2100.PNG	unresolved_content	['exact text remains machine OCR, not visual transcription']
google_drive	102101	IMG_2101.PNG	unresolved_content	['exact text remains machine OCR, not visual transcription']
google_drive	102102	IMG_2102.PNG	unresolved_content	['exact text remains machine OCR, not visual transcription']
google_drive	102103	IMG_2103.PNG	unresolved_content	['exact text remains machine OCR, not visual transcription']
google_drive	102115	IMG_2115.PNG	unresolved_content	['exact text remains machine OCR, not visual transcription']
google_drive	102116	IMG_2116.PNG	unresolved_content	['exact text remains machine OCR, not visual transcription']
google_drive	102117	IMG_2117.PNG	unresolved_content	['exact text remains machine OCR, not visual transcription']
google_drive	102118	IMG_2118.PNG	unresolved_content	['exact text remains machine OCR, not visual transcription']
google_drive	102119	IMG_2119.PNG	unresolved_content	['exact text remains machine OCR, not visual transcription']
google_drive	102120	IMG_2120.PNG	unresolved_content	['exact text remains machine OCR, not visual transcription']
google_drive	102121	IMG_2121.PNG	unresolved_content	['exact text remains machine OCR, not visual transcription']
google_drive	102122	IMG_2122.PNG	unresolved_content	['exact text remains machine OCR, not visual transcription']
google_drive	102123	IMG_2123.PNG	unresolved_content	['exact text remains machine OCR, not visual transcription']
google_drive	102124	IMG_2124.PNG	unresolved_content	['exact text remains machine OCR, not visual transcription']
google_drive	102128	IMG_2128.PNG	unresolved_content	['exact text remains machine OCR, not visual transcription']
google_drive	102129	IMG_2129.PNG	unresolved_content	['exact text or identity relationship requires review']
google_drive	102130	IMG_2130.PNG	unresolved_content	['exact text remains machine OCR, not visual transcription']
google_drive	102131	IMG_2131.PNG	unresolved_content	['exact text remains machine OCR, not visual transcription']
google_drive	102132	IMG_2132.PNG	unresolved_content	['exact text remains machine OCR, not visual transcription']
google_drive	102133	IMG_2133.PNG	unresolved_content	['exact text remains machine OCR, not visual transcription']
google_drive	102134	IMG_2134.PNG	unresolved_content	['exact text remains machine OCR, not visual transcription']
google_drive	102135	IMG_2135.PNG	unresolved_content	['exact text remains machine OCR, not visual transcription']
google_drive	102136	IMG_2136.PNG	unresolved_content	['exact text remains machine OCR, not visual transcription']
google_drive	102137	IMG_2137.PNG	unresolved_content	['exact text remains machine OCR, not visual transcription']
google_drive	102138	IMG_2138.PNG	unresolved_content	['exact text remains machine OCR, not visual transcription']
google_drive	102139	IMG_2139.PNG	unresolved_content	['exact text remains machine OCR, not visual transcription']
google_drive	102173	IMG_2173.PNG	unresolved_content	['exact text remains machine OCR, not visual transcription']
google_drive	102174	IMG_2174.PNG	unresolved_content	['exact text remains machine OCR, not visual transcription']
google_drive	102186	IMG_2186.PNG	unresolved_content	['exact text remains machine OCR, not visual transcription']
google_drive	102208	IMG_2208.PNG	unresolved_content	['exact text remains machine OCR, not visual transcription']
google_drive	102215	IMG_2215.PNG	unresolved_content	['exact text remains machine OCR, not visual transcription']
google_drive	102245	IMG_2245.PNG	unresolved_content	['exact text remains machine OCR, not visual transcription']
google_drive	102279	IMG_2279.PNG	unresolved_content	['exact text remains machine OCR, not visual transcription']
google_drive	102309	IMG_2309.PNG	unresolved_content	['exact text remains machine OCR, not visual transcription', 'champion identity not reliably resolved from OCR']
google_drive	102315	IMG_2315.PNG	unresolved_content	['exact text remains machine OCR, not visual transcription']
google_drive	102316	IMG_2316.PNG	unresolved_content	['exact text remains machine OCR, not visual transcription']
google_drive	102325	IMG_2325.PNG	unresolved_content	['exact text remains machine OCR, not visual transcription']
google_drive	102328	IMG_2328.PNG	unresolved_content	['exact text remains machine OCR, not visual transcription']
google_drive	102329	IMG_2329.PNG	unresolved_content	['exact text remains machine OCR, not visual transcription']
google_drive	102330	IMG_2330.PNG	unresolved_content	['exact text remains machine OCR, not visual transcription']
google_drive	102334	IMG_2334.PNG	unresolved_content	['exact text remains machine OCR, not visual transcription']
google_drive	102340	IMG_2340.PNG	unresolved_content	['exact text remains machine OCR, not visual transcription', 'champion identity not reliably resolved from OCR']
google_drive	102346	IMG_2346.PNG	unresolved_content	['exact text remains machine OCR, not visual transcription']
google_drive	102357	IMG_2357.PNG	unresolved_content	['exact text remains machine OCR, not visual transcription']
google_drive	102362	IMG_2362.PNG	unresolved_content	['exact text remains machine OCR, not visual transcription']
google_drive	102363	IMG_2363.PNG	unresolved_content	['exact text remains machine OCR, not visual transcription']
google_drive	102364	IMG_2364.PNG	unresolved_content	['exact text remains machine OCR, not visual transcription']
google_drive	102381	IMG_2381.PNG	unresolved_content	['exact text remains machine OCR, not visual transcription']
google_drive	102395	IMG_2395.PNG	unresolved_content	['exact text remains machine OCR, not visual transcription']
google_drive	102396	IMG_2396.PNG	unresolved_content	['exact text remains machine OCR, not visual transcription', 'champion identity not reliably resolved from OCR']
google_drive	102400	IMG_2400.PNG	unresolved_content	['exact text remains machine OCR, not visual transcription']
google_drive	102405	IMG_2405.PNG	unresolved_content	['exact text remains machine OCR, not visual transcription']
google_drive	102409	IMG_2409.PNG	unresolved_content	['exact text remains machine OCR, not visual transcription']
google_drive	102422	IMG_2422.PNG	unresolved_content	['exact text remains machine OCR, not visual transcription']
google_drive	102432	IMG_2432.PNG	unresolved_content	['exact text remains machine OCR, not visual transcription']
google_drive	102438	IMG_2438.PNG	unresolved_content	['exact text remains machine OCR, not visual transcription']
google_drive	102439	IMG_2439.PNG	unresolved_content	['exact text remains machine OCR, not visual transcription']
google_drive	102442	IMG_2442.PNG	unresolved_content	['exact text or identity relationship requires review']
google_drive	102445	IMG_2445.PNG	unresolved_content	['exact text remains machine OCR, not visual transcription']
google_drive	102447	IMG_2447.PNG	unresolved_content	['exact text remains machine OCR, not visual transcription', 'champion identity not reliably resolved from OCR']
google_drive	102448	IMG_2448.PNG	unresolved_content	['exact text remains machine OCR, not visual transcription']
google_drive	102449	IMG_2449.PNG	unresolved_content	['exact text remains machine OCR, not visual transcription']
google_drive	102450	IMG_2450.PNG	unresolved_content	['exact text remains machine OCR, not visual transcription']
google_drive	102453	IMG_2453.PNG	unresolved_content	['exact text remains machine OCR, not visual transcription', 'champion identity not reliably resolved from OCR']
google_drive	102454	IMG_2454.PNG	unresolved_content	['exact text remains machine OCR, not visual transcription', 'champion identity not reliably resolved from OCR']
google_drive	102455	IMG_2455.PNG	unresolved_content	['exact text remains machine OCR, not visual transcription', 'champion identity not reliably resolved from OCR']
google_drive	102460	IMG_2460.PNG	unresolved_content	['exact text remains machine OCR, not visual transcription', 'champion identity not reliably resolved from OCR']
google_drive	102471	IMG_2471.PNG	unresolved_content	['exact text remains machine OCR, not visual transcription', 'champion identity not reliably resolved from OCR']
google_drive	102481	IMG_2481.PNG	unresolved_content	['exact text remains machine OCR, not visual transcription', 'champion identity not reliably resolved from OCR']
google_drive	102483	IMG_2483.PNG	unresolved_content	['exact text remains machine OCR, not visual transcription', 'champion identity not reliably resolved from OCR']
google_drive	102489	IMG_2489.PNG	unresolved_content	['exact text remains machine OCR, not visual transcription', 'champion identity not reliably resolved from OCR']
google_drive	102491	IMG_2491.PNG	unresolved_content	['exact text remains machine OCR, not visual transcription']
google_drive	102492	IMG_2492.PNG	unresolved_content	['exact text remains machine OCR, not visual transcription']
google_drive	102493	IMG_2493.PNG	unresolved_content	['exact text remains machine OCR, not visual transcription', 'champion identity not reliably resolved from OCR']
google_drive	102494	IMG_2494.PNG	unresolved_content	['exact text remains machine OCR, not visual transcription', 'champion identity not reliably resolved from OCR']
google_drive	102498	IMG_2498.PNG	unresolved_content	['exact text remains machine OCR, not visual transcription', 'champion identity not reliably resolved from OCR']
google_drive	102499	IMG_2499.PNG	unresolved_content	['exact text remains machine OCR, not visual transcription', 'champion identity not reliably resolved from OCR']
google_drive	102505	IMG_2505.PNG	unresolved_content	['exact text remains machine OCR, not visual transcription']
google_drive	102506	IMG_2506.PNG	unresolved_content	['exact text remains machine OCR, not visual transcription']
google_drive	102516	IMG_2516.PNG	unresolved_content	['exact text remains machine OCR, not visual transcription']
google_drive	102519	IMG_2519.PNG	unresolved_content	['exact text or identity relationship requires review']
google_drive	102526	IMG_2526.PNG	unresolved_content	['exact text remains machine OCR, not visual transcription', 'champion identity not reliably resolved from OCR']
google_drive	102533	IMG_2533.PNG	unresolved_content	['exact text remains machine OCR, not visual transcription', 'champion identity not reliably resolved from OCR']
google_drive	102534	IMG_2534.PNG	unresolved_content	['exact text remains machine OCR, not visual transcription']
google_drive	102536	IMG_2536.PNG	unresolved_content	['exact text remains machine OCR, not visual transcription']
google_drive	102557	IMG_2557.PNG	unresolved_content	['exact text remains machine OCR, not visual transcription']
google_drive	102558	IMG_2558.PNG	unresolved_content	['exact text remains machine OCR, not visual transcription']
google_drive	102559	IMG_2559.PNG	unresolved_content	['exact text remains machine OCR, not visual transcription']
google_drive	102560	IMG_2560.PNG	unresolved_content	['exact text remains machine OCR, not visual transcription']
google_drive	102561	IMG_2561.PNG	unresolved_content	['exact text remains machine OCR, not visual transcription']
google_drive	102562	IMG_2562.PNG	unresolved_content	['exact text remains machine OCR, not visual transcription']
google_drive	102563	IMG_2563.PNG	unresolved_content	['exact text remains machine OCR, not visual transcription']
google_drive	102564	IMG_2564.PNG	unresolved_content	['exact text remains machine OCR, not visual transcription']
google_drive	102565	IMG_2565.PNG	unresolved_content	['exact text remains machine OCR, not visual transcription']
google_drive	102566	IMG_2566.PNG	unresolved_content	['exact text remains machine OCR, not visual transcription']
google_drive	102567	IMG_2567.PNG	unresolved_content	['exact text remains machine OCR, not visual transcription']
google_drive	102568	IMG_2568.PNG	unresolved_content	['exact text remains machine OCR, not visual transcription']
google_drive	102569	IMG_2569.PNG	unresolved_content	['exact text remains machine OCR, not visual transcription']
google_drive	102570	IMG_2570.PNG	unresolved_content	['exact text remains machine OCR, not visual transcription']
google_drive	102571	IMG_2571.PNG	unresolved_content	['exact text remains machine OCR, not visual transcription']
google_drive	102572	IMG_2572.PNG	unresolved_content	['exact text remains machine OCR, not visual transcription']
google_drive	102573	IMG_2573.PNG	unresolved_content	['exact text remains machine OCR, not visual transcription']
google_drive	102574	IMG_2574.PNG	unresolved_content	['exact text remains machine OCR, not visual transcription']
google_drive	102575	IMG_2575.PNG	unresolved_content	['exact text remains machine OCR, not visual transcription']
google_drive	102576	IMG_2576.PNG	unresolved_content	['exact text remains machine OCR, not visual transcription']
google_drive	102577	IMG_2577.PNG	unresolved_content	['exact text remains machine OCR, not visual transcription']
google_drive	102580	IMG_2580.PNG	unresolved_content	['exact text remains machine OCR, not visual transcription']
google_drive	102584	IMG_2584.PNG	unresolved_content	['exact text remains machine OCR, not visual transcription']
google_drive	102585	IMG_2585.PNG	unresolved_content	['exact text remains machine OCR, not visual transcription']
google_drive	102586	IMG_2586.PNG	unresolved_content	['exact text remains machine OCR, not visual transcription']
google_drive	102587	IMG_2587.PNG	unresolved_content	['exact text remains machine OCR, not visual transcription']
google_drive	102588	IMG_2588.PNG	unresolved_content	['exact text remains machine OCR, not visual transcription']
google_drive	102589	IMG_2589.PNG	unresolved_content	['exact text remains machine OCR, not visual transcription']
google_drive	102590	IMG_2590.PNG	unresolved_content	['exact text remains machine OCR, not visual transcription']
google_drive	102591	IMG_2591.PNG	unresolved_content	['exact text remains machine OCR, not visual transcription']
google_drive	102592	IMG_2592.PNG	unresolved_content	['exact text remains machine OCR, not visual transcription']
google_drive	102594	IMG_2594.PNG	unresolved_content	['exact text remains machine OCR, not visual transcription']
google_drive	102641	IMG_2641.PNG	unresolved_content	['exact text remains machine OCR, not visual transcription']
google_drive	102642	IMG_2642.PNG	unresolved_content	['exact text remains machine OCR, not visual transcription']
google_drive	102643	IMG_2643.PNG	unresolved_content	['exact text remains machine OCR, not visual transcription']
google_drive	102644	IMG_2644.PNG	unresolved_content	['exact text remains machine OCR, not visual transcription']
google_drive	102645	IMG_2645.PNG	unresolved_content	['exact text remains machine OCR, not visual transcription']
google_drive	102646	IMG_2646.PNG	unresolved_content	['exact text remains machine OCR, not visual transcription']
google_drive	102651	IMG_2651.PNG	unresolved_content	['exact text remains machine OCR, not visual transcription']
google_drive	102652	IMG_2652.PNG	unresolved_content	['exact text remains machine OCR, not visual transcription']
google_drive	102653	IMG_2653.PNG	unresolved_content	['exact text remains machine OCR, not visual transcription']
google_drive	102654	IMG_2654.PNG	unresolved_content	['exact text remains machine OCR, not visual transcription']
google_drive	102655	IMG_2655.PNG	unresolved_content	['exact text or identity relationship requires review']
google_drive	102656	IMG_2656.PNG	unresolved_content	['exact text remains machine OCR, not visual transcription']
google_drive	102669	IMG_2669.PNG	unresolved_content	['exact text remains machine OCR, not visual transcription']
google_drive	102670	IMG_2670.PNG	unresolved_content	['exact text remains machine OCR, not visual transcription']
google_drive	102671	IMG_2671.PNG	unresolved_content	['exact text remains machine OCR, not visual transcription']
google_drive	102672	IMG_2672.PNG	unresolved_content	['exact text remains machine OCR, not visual transcription']
google_drive	102673	IMG_2673.PNG	unresolved_content	['exact text remains machine OCR, not visual transcription']
google_drive	102674	IMG_2674.PNG	unresolved_content	['exact text remains machine OCR, not visual transcription']
google_drive	102682	IMG_2682.PNG	unresolved_content	['exact text remains machine OCR, not visual transcription']
google_drive	102683	IMG_2683.PNG	unresolved_content	['exact text remains machine OCR, not visual transcription']
google_drive	102684	IMG_2684.PNG	unresolved_content	['exact text remains machine OCR, not visual transcription']
google_drive	102685	IMG_2685.PNG	unresolved_content	['exact text remains machine OCR, not visual transcription']
google_drive	102686	IMG_2686.PNG	unresolved_content	['exact text remains machine OCR, not visual transcription']
google_drive	102688	IMG_2688.PNG	unresolved_content	['exact text remains machine OCR, not visual transcription']
google_drive	102689	IMG_2689.PNG	unresolved_content	['exact text remains machine OCR, not visual transcription']
google_drive	102691	IMG_2691.PNG	unresolved_content	['exact text remains machine OCR, not visual transcription']
google_drive	102694	IMG_2694.PNG	unresolved_content	['exact text remains machine OCR, not visual transcription']
google_drive	102695	IMG_2695.PNG	unresolved_content	['exact text remains machine OCR, not visual transcription']
google_drive	102696	IMG_2696.PNG	unresolved_content	['exact text remains machine OCR, not visual transcription']
google_drive	102697	IMG_2697.PNG	unresolved_content	['exact text remains machine OCR, not visual transcription']
google_drive	102698	IMG_2698.PNG	unresolved_content	['exact text remains machine OCR, not visual transcription']
google_drive	102699	IMG_2699.PNG	unresolved_content	['exact text remains machine OCR, not visual transcription']
google_drive	102700	IMG_2700.PNG	unresolved_content	['exact text remains machine OCR, not visual transcription']
google_drive	102701	IMG_2701.PNG	unresolved_content	['exact text remains machine OCR, not visual transcription']
google_drive	102702	IMG_2702.PNG	unresolved_content	['exact text remains machine OCR, not visual transcription']
google_drive	102703	IMG_2703.PNG	unresolved_content	['exact text remains machine OCR, not visual transcription']
google_drive	102704	IMG_2704.PNG	unresolved_content	['exact text remains machine OCR, not visual transcription']
google_drive	102705	IMG_2705.PNG	unresolved_content	['exact text remains machine OCR, not visual transcription']
google_drive	102706	IMG_2706.PNG	unresolved_content	['exact text remains machine OCR, not visual transcription']
google_drive	102707	IMG_2707.PNG	unresolved_content	['exact text remains machine OCR, not visual transcription']
google_drive	102708	IMG_2708.PNG	unresolved_content	['exact text remains machine OCR, not visual transcription']
google_drive	102709	IMG_2709.PNG	unresolved_content	['exact text remains machine OCR, not visual transcription']
google_drive	102710	IMG_2710.PNG	unresolved_content	['exact text remains machine OCR, not visual transcription']
google_drive	102711	IMG_2711.PNG	unresolved_content	['exact text remains machine OCR, not visual transcription']
google_drive	102718	IMG_2718.PNG	unresolved_content	['exact text remains machine OCR, not visual transcription']
google_drive	102724	IMG_2724.PNG	unresolved_content	['exact text remains machine OCR, not visual transcription']
google_drive	102736	IMG_2736.PNG	unresolved_content	['exact text remains machine OCR, not visual transcription']
google_drive	102737	IMG_2737.PNG	unresolved_content	['exact text remains machine OCR, not visual transcription']
google_drive	102738	IMG_2738.PNG	unresolved_content	['exact text remains machine OCR, not visual transcription']
google_drive	102739	IMG_2739.PNG	unresolved_content	['exact text remains machine OCR, not visual transcription']
google_drive	102740	IMG_2740.PNG	unresolved_content	['exact text remains machine OCR, not visual transcription']
google_drive	102741	IMG_2741.PNG	unresolved_content	['exact text remains machine OCR, not visual transcription']
google_drive	102742	IMG_2742.PNG	unresolved_content	['exact text remains machine OCR, not visual transcription']
google_drive	102743	IMG_2743.PNG	unresolved_content	['exact text remains machine OCR, not visual transcription']
google_drive	102744	IMG_2744.PNG	unresolved_content	['exact text remains machine OCR, not visual transcription']
google_drive	102745	IMG_2745.PNG	unresolved_content	['exact text remains machine OCR, not visual transcription']
google_drive	102746	IMG_2746.PNG	unresolved_content	['exact text remains machine OCR, not visual transcription']
google_drive	102749	IMG_2749.PNG	unresolved_content	['exact text remains machine OCR, not visual transcription']
google_drive	102750	IMG_2750.PNG	unresolved_content	['exact text remains machine OCR, not visual transcription']
google_drive	102763	IMG_2763.PNG	unresolved_content	['exact text remains machine OCR, not visual transcription']
google_drive	102764	IMG_2764.PNG	unresolved_content	['exact text remains machine OCR, not visual transcription']
google_drive	102765	IMG_2765.PNG	unresolved_content	['exact text remains machine OCR, not visual transcription']
google_drive	102770	IMG_2770.PNG	unresolved_content	['exact text remains machine OCR, not visual transcription']
google_drive	102772	IMG_2772.PNG	unresolved_content	['exact text remains machine OCR, not visual transcription']
google_drive	102773	IMG_2773.PNG	unresolved_content	['exact text remains machine OCR, not visual transcription']
google_drive	102775	IMG_2775.PNG	unresolved_content	['exact text remains machine OCR, not visual transcription']
google_drive	102776	IMG_2776.PNG	unresolved_content	['exact text remains machine OCR, not visual transcription']
google_drive	102780	IMG_2780.PNG	unresolved_content	['exact text remains machine OCR, not visual transcription', 'champion identity not reliably resolved from OCR']
google_drive	102781	IMG_2781.PNG	unresolved_content	['exact text remains machine OCR, not visual transcription', 'champion identity not reliably resolved from OCR']
google_drive	102784	IMG_2784.PNG	unresolved_content	['exact text remains machine OCR, not visual transcription']
google_drive	102791	IMG_2791.PNG	unresolved_content	['exact text remains machine OCR, not visual transcription']
google_drive	102792	IMG_2792.PNG	unresolved_content	['exact text remains machine OCR, not visual transcription']
historical_reference	581	03-IMG_3532.jpeg	original_bytes_unresolved	Original file bytes were not recovered from authorized sources.
historical_reference	9	09D15572-B4EC-476A-BF34-E3094417034A_1_105_c.jpeg	original_bytes_unresolved	Original file bytes were not recovered from authorized sources.
historical_reference	39	0D8AC161-870B-49BC-BF67-CC21C516BAD3_1_105_c(1).jpeg	original_bytes_unresolved	Original file bytes were not recovered from authorized sources.
historical_reference	10	0EB95091-E88C-4FD1-A74F-31FA0DE62D43_1_105_c(1).jpeg	original_bytes_unresolved	Original file bytes were not recovered from authorized sources.
historical_reference	227	0EBA31D8-DDA5-4EF8-A023-F86E4CC8DBCD_4_5005_c.jpeg	original_bytes_unresolved	Original file bytes were not recovered from authorized sources.
historical_reference	33	0F27ED4C-17FB-44CA-819C-4D4BC25022E9_1_105_c(1).jpeg	original_bytes_unresolved	Original file bytes were not recovered from authorized sources.
historical_reference	229	12BA1331-D09F-411E-98CE-2CF8ACB710CA_4_5005_c.jpeg	original_bytes_unresolved	Original file bytes were not recovered from authorized sources.
historical_reference	12	133B2C78-889F-447E-8550-B52A94F118C5_1_105_c.jpeg	original_bytes_unresolved	Original file bytes were not recovered from authorized sources.
historical_reference	32	1CB3AD57-A23C-4CA6-9F0E-CF1611817EFF_1_105_c.jpeg	original_bytes_unresolved	Original file bytes were not recovered from authorized sources.
historical_reference	24	1ED8D094-7443-4090-BFF4-EF4DE67A45EB_1_105_c.jpeg	original_bytes_unresolved	Original file bytes were not recovered from authorized sources.
historical_reference	531	21117961-A404-4818-A299-0EF1F79845D1_1_105_c.jpeg	original_bytes_unresolved	Original file bytes were not recovered from authorized sources.
historical_reference	45	219883E7-F6EF-4BB9-B2FD-8994E9548CEB_1_105_c.jpeg	original_bytes_unresolved	Original file bytes were not recovered from authorized sources.
historical_reference	535	246AD0AB-DBB1-4F92-A84F-50CFF3EDA159_1_105_c.jpeg	original_bytes_unresolved	Original file bytes were not recovered from authorized sources.
historical_reference	21	291815CF-8C25-4B33-A704-CB3B6AFB1BA9_1_105_c.jpeg	original_bytes_unresolved	Original file bytes were not recovered from authorized sources.
historical_reference	46	31D5DCA7-9A5A-41DC-84E9-6AD3D7992973_1_105_c.jpeg	original_bytes_unresolved	Original file bytes were not recovered from authorized sources.
historical_reference	19	3BA8C356-E5DB-4FA2-9A52-9382AA2A8D7E_1_105_c.jpeg	original_bytes_unresolved	Original file bytes were not recovered from authorized sources.
historical_reference	43	3E9C9467-15FA-4740-B985-7E6B4A177F65_1_105_c.jpeg	original_bytes_unresolved	Original file bytes were not recovered from authorized sources.
historical_reference	48	43568936-F75B-491E-94E1-762314838297_1_105_c.jpeg	original_bytes_unresolved	Original file bytes were not recovered from authorized sources.
historical_reference	28	4364D769-B45D-496B-A5C5-7913237DB97B_1_105_c.jpeg	original_bytes_unresolved	Original file bytes were not recovered from authorized sources.
historical_reference	30	464EBCE1-3082-457C-978C-2967AA742EBC_1_105_c.jpeg	original_bytes_unresolved	Original file bytes were not recovered from authorized sources.
historical_reference	38	4D1E5606-47C2-48CF-A515-B4FC9A36A1B8_1_105_c(1).jpeg	original_bytes_unresolved	Original file bytes were not recovered from authorized sources.
historical_reference	230	52CA981E-6073-40AD-9C57-85EC7379B931_4_5005_c.jpeg	original_bytes_unresolved	Original file bytes were not recovered from authorized sources.
historical_reference	31	59C709E8-72B6-4F41-BA73-48123E266F0A_1_105_c.jpeg	original_bytes_unresolved	Original file bytes were not recovered from authorized sources.
historical_reference	23	5A9BB657-B18F-467F-9FD0-243775F42806_1_105_c.jpeg	original_bytes_unresolved	Original file bytes were not recovered from authorized sources.
historical_reference	11	5C188325-5DFB-4D73-A64D-5E593912B4DA_1_105_c.jpeg	original_bytes_unresolved	Original file bytes were not recovered from authorized sources.
historical_reference	536	5E5CE919-F183-4CBF-80BC-2AF78D1664D9_1_105_c.jpeg	original_bytes_unresolved	Original file bytes were not recovered from authorized sources.
historical_reference	42	5E7EA223-114B-4AB9-A91F-0DE77676B738_1_105_c.jpeg	original_bytes_unresolved	Original file bytes were not recovered from authorized sources.
historical_reference	41	62C63426-3B9A-4B19-9EAA-50E62E35E9CA_1_105_c.jpeg	original_bytes_unresolved	Original file bytes were not recovered from authorized sources.
historical_reference	231	66E17635-82A9-4B32-9950-0F8409C251D2_4_5005_c.jpeg	original_bytes_unresolved	Original file bytes were not recovered from authorized sources.
historical_reference	22	68EA4953-369B-4B40-A23C-53147940DFE8_1_105_c.jpeg	original_bytes_unresolved	Original file bytes were not recovered from authorized sources.
historical_reference	537	6A45C404-5320-40F0-82EE-6DB1666E673E_1_105_c.jpeg	original_bytes_unresolved	Original file bytes were not recovered from authorized sources.
historical_reference	37	742AF0B6-F22E-4415-84D9-83A2218AF5DA_1_105_c(1).jpeg	original_bytes_unresolved	Original file bytes were not recovered from authorized sources.
historical_reference	44	7F93A864-070B-4649-8029-89C3CCFDC7B7_1_105_c.jpeg	original_bytes_unresolved	Original file bytes were not recovered from authorized sources.
historical_reference	534	82A58EC1-7DDE-4632-9EF3-15A8D5F671A5_1_105_c.jpeg	original_bytes_unresolved	Original file bytes were not recovered from authorized sources.
historical_reference	18	84528585-E334-468E-B316-F138DFC1FD36_1_105_c.jpeg	original_bytes_unresolved	Original file bytes were not recovered from authorized sources.
historical_reference	14	876A00F6-DDC5-4C59-8813-5E43E2E1005F_1_105_c.jpeg	original_bytes_unresolved	Original file bytes were not recovered from authorized sources.
historical_reference	29	88552EBD-6EBC-40F4-81B8-D8300B2DC3CE_1_105_c.jpeg	original_bytes_unresolved	Original file bytes were not recovered from authorized sources.
historical_reference	228	897CF10C-21B9-49A3-A4F3-DE66E554346C_4_5005_c.jpeg	original_bytes_unresolved	Original file bytes were not recovered from authorized sources.
historical_reference	532	898B4A57-C895-4694-8AE4-5B64E054EBCE_1_105_c.jpeg	original_bytes_unresolved	Original file bytes were not recovered from authorized sources.
historical_reference	233	8B4EA81E-8F4F-4F75-B534-13007CA9285B_4_5005_c(3).jpeg	original_bytes_unresolved	Original file bytes were not recovered from authorized sources.
historical_reference	26	8F55097B-884A-44FD-8340-580FCDA6F8AA_1_105_c.jpeg	original_bytes_unresolved	Original file bytes were not recovered from authorized sources.
historical_reference	20	98E1ED08-86F1-493C-9A5A-4C8371723129_1_105_c.jpeg	original_bytes_unresolved	Original file bytes were not recovered from authorized sources.
historical_reference	25	99412C6D-C242-4047-944C-19EEE587E08B_1_105_c.jpeg	original_bytes_unresolved	Original file bytes were not recovered from authorized sources.
historical_reference	235	A6A2EEB2-11CB-4940-9F34-3F4EB6629104_4_5005_c(4).jpeg	original_bytes_unresolved	Original file bytes were not recovered from authorized sources.
historical_reference	13	A92EA68D-4CD3-43F1-B72B-260B028D0734_1_105_c.jpeg	original_bytes_unresolved	Original file bytes were not recovered from authorized sources.
historical_reference	34	B00E8608-AD25-4156-9B23-7B3E55599B70_1_105_c(1).jpeg	original_bytes_unresolved	Original file bytes were not recovered from authorized sources.
historical_reference	15	B136B07D-8901-4CF6-BDBF-1C5DA065F3A8_1_105_c.jpeg	original_bytes_unresolved	Original file bytes were not recovered from authorized sources.
historical_reference	234	B241CC0A-AB4B-4C00-8E44-68E8CEE94282_4_5005_c(4).jpeg	original_bytes_unresolved	Original file bytes were not recovered from authorized sources.
historical_reference	35	BDFCF2F8-726D-4456-B9FC-C2BC799308B8_1_105_c(1).jpeg	original_bytes_unresolved	Original file bytes were not recovered from authorized sources.
historical_reference	232	BE5AC8B8-F49C-42DC-9654-1C3A69393E9F_4_5005_c(3).jpeg	original_bytes_unresolved	Original file bytes were not recovered from authorized sources.
historical_reference	47	BFA53DD4-88B0-4454-894F-6C2EA31F1EAE_1_105_c.jpeg	original_bytes_unresolved	Original file bytes were not recovered from authorized sources.
historical_reference	16	DBCBC905-F467-442E-B33E-2868A46A2F51_1_105_c.jpeg	original_bytes_unresolved	Original file bytes were not recovered from authorized sources.
historical_reference	17	DC992DBC-98E3-4E2F-9CD8-B4B9D622C36B_1_105_c.jpeg	original_bytes_unresolved	Original file bytes were not recovered from authorized sources.
historical_reference	27	DFE55BCE-28A3-4336-80C1-12F98ED0B9FC_1_105_c.jpeg	original_bytes_unresolved	Original file bytes were not recovered from authorized sources.
historical_reference	236	E04E8737-F5B2-40D2-92A9-327CF68EB7C1_4_5005_c(3).jpeg	original_bytes_unresolved	Original file bytes were not recovered from authorized sources.
historical_reference	533	E09EE7E8-F462-4AC1-B9A9-7388E7988BA2_1_105_c.jpeg	original_bytes_unresolved	Original file bytes were not recovered from authorized sources.
historical_reference	36	F667634B-4711-454F-9649-98C3FE8ADDA5_1_105_c(1).jpeg	original_bytes_unresolved	Original file bytes were not recovered from authorized sources.
historical_reference	40	F68DB09E-94DC-4930-9D55-2842EE14B838_1_105_c(1).jpeg	original_bytes_unresolved	Original file bytes were not recovered from authorized sources.
historical_reference	620	GOT Faction Changes	original_bytes_unresolved	Original file bytes were not recovered from authorized sources.
historical_reference	619	IMG_2822.jpeg	original_bytes_unresolved	Original file bytes were not recovered from authorized sources.
historical_reference	618	IMG_2831(1).jpeg	original_bytes_unresolved	Original file bytes were not recovered from authorized sources.
historical_reference	617	IMG_2834(1).jpeg	original_bytes_unresolved	Original file bytes were not recovered from authorized sources.
historical_reference	616	IMG_2858(1).jpeg	original_bytes_unresolved	Original file bytes were not recovered from authorized sources.
historical_reference	615	IMG_2859(1).jpeg	original_bytes_unresolved	Original file bytes were not recovered from authorized sources.
historical_reference	614	IMG_2860(1).jpeg	original_bytes_unresolved	Original file bytes were not recovered from authorized sources.
historical_reference	613	IMG_2861.jpeg	original_bytes_unresolved	Original file bytes were not recovered from authorized sources.
historical_reference	49	IMG_2910.jpeg	original_bytes_unresolved	Original file bytes were not recovered from authorized sources.
historical_reference	50	IMG_2911.jpeg	original_bytes_unresolved	Original file bytes were not recovered from authorized sources.
historical_reference	51	IMG_2912(1).jpeg	original_bytes_unresolved	Original file bytes were not recovered from authorized sources.
historical_reference	52	IMG_2913.jpeg	original_bytes_unresolved	Original file bytes were not recovered from authorized sources.
historical_reference	53	IMG_2914.jpeg	original_bytes_unresolved	Original file bytes were not recovered from authorized sources.
historical_reference	54	IMG_2915.jpeg	original_bytes_unresolved	Original file bytes were not recovered from authorized sources.
historical_reference	55	IMG_2916.jpeg	original_bytes_unresolved	Original file bytes were not recovered from authorized sources.
historical_reference	56	IMG_2917.jpeg	original_bytes_unresolved	Original file bytes were not recovered from authorized sources.
historical_reference	57	IMG_2918.jpeg	original_bytes_unresolved	Original file bytes were not recovered from authorized sources.
historical_reference	58	IMG_2919.jpeg	original_bytes_unresolved	Original file bytes were not recovered from authorized sources.
historical_reference	59	IMG_2920.jpeg	original_bytes_unresolved	Original file bytes were not recovered from authorized sources.
historical_reference	60	IMG_2921.jpeg	original_bytes_unresolved	Original file bytes were not recovered from authorized sources.
historical_reference	61	IMG_2922.jpeg	original_bytes_unresolved	Original file bytes were not recovered from authorized sources.
historical_reference	62	IMG_2923.jpeg	original_bytes_unresolved	Original file bytes were not recovered from authorized sources.
historical_reference	63	IMG_2924.jpeg	original_bytes_unresolved	Original file bytes were not recovered from authorized sources.
historical_reference	64	IMG_2925.jpeg	original_bytes_unresolved	Original file bytes were not recovered from authorized sources.
historical_reference	65	IMG_2926.jpeg	original_bytes_unresolved	Original file bytes were not recovered from authorized sources.
historical_reference	66	IMG_2927.jpeg	original_bytes_unresolved	Original file bytes were not recovered from authorized sources.
historical_reference	67	IMG_2928.jpeg	original_bytes_unresolved	Original file bytes were not recovered from authorized sources.
historical_reference	68	IMG_2929.jpeg	original_bytes_unresolved	Original file bytes were not recovered from authorized sources.
historical_reference	69	IMG_2930.jpeg	original_bytes_unresolved	Original file bytes were not recovered from authorized sources.
historical_reference	70	IMG_2931.jpeg	original_bytes_unresolved	Original file bytes were not recovered from authorized sources.
historical_reference	71	IMG_2932.jpeg	original_bytes_unresolved	Original file bytes were not recovered from authorized sources.
historical_reference	72	IMG_2933.jpeg	original_bytes_unresolved	Original file bytes were not recovered from authorized sources.
historical_reference	73	IMG_2934.jpeg	original_bytes_unresolved	Original file bytes were not recovered from authorized sources.
historical_reference	74	IMG_2935.jpeg	original_bytes_unresolved	Original file bytes were not recovered from authorized sources.
historical_reference	75	IMG_2936.jpeg	original_bytes_unresolved	Original file bytes were not recovered from authorized sources.
historical_reference	76	IMG_2937.jpeg	original_bytes_unresolved	Original file bytes were not recovered from authorized sources.
historical_reference	77	IMG_2938.jpeg	original_bytes_unresolved	Original file bytes were not recovered from authorized sources.
historical_reference	78	IMG_2939.jpeg	original_bytes_unresolved	Original file bytes were not recovered from authorized sources.
historical_reference	79	IMG_2940(4).jpeg	original_bytes_unresolved	Original file bytes were not recovered from authorized sources.
historical_reference	80	IMG_2941(3).jpeg	original_bytes_unresolved	Original file bytes were not recovered from authorized sources.
historical_reference	81	IMG_2942(2).jpeg	original_bytes_unresolved	Original file bytes were not recovered from authorized sources.
historical_reference	82	IMG_2943(2).jpeg	original_bytes_unresolved	Original file bytes were not recovered from authorized sources.
historical_reference	83	IMG_2944(1).jpeg	original_bytes_unresolved	Original file bytes were not recovered from authorized sources.
historical_reference	84	IMG_2945.jpeg	original_bytes_unresolved	Original file bytes were not recovered from authorized sources.
historical_reference	85	IMG_2946.jpeg	original_bytes_unresolved	Original file bytes were not recovered from authorized sources.
historical_reference	86	IMG_2947.jpeg	original_bytes_unresolved	Original file bytes were not recovered from authorized sources.
historical_reference	87	IMG_2948.jpeg	original_bytes_unresolved	Original file bytes were not recovered from authorized sources.
historical_reference	88	IMG_2949.jpeg	original_bytes_unresolved	Original file bytes were not recovered from authorized sources.
historical_reference	89	IMG_2950.jpeg	original_bytes_unresolved	Original file bytes were not recovered from authorized sources.
historical_reference	90	IMG_2951.jpeg	original_bytes_unresolved	Original file bytes were not recovered from authorized sources.
historical_reference	91	IMG_2952.jpeg	original_bytes_unresolved	Original file bytes were not recovered from authorized sources.
historical_reference	92	IMG_2953.jpeg	original_bytes_unresolved	Original file bytes were not recovered from authorized sources.
historical_reference	93	IMG_2954.jpeg	original_bytes_unresolved	Original file bytes were not recovered from authorized sources.
historical_reference	94	IMG_2955.jpeg	original_bytes_unresolved	Original file bytes were not recovered from authorized sources.
historical_reference	95	IMG_2956.jpeg	original_bytes_unresolved	Original file bytes were not recovered from authorized sources.
historical_reference	96	IMG_2957.jpeg	original_bytes_unresolved	Original file bytes were not recovered from authorized sources.
historical_reference	97	IMG_2958.jpeg	original_bytes_unresolved	Original file bytes were not recovered from authorized sources.
historical_reference	98	IMG_2959.jpeg	original_bytes_unresolved	Original file bytes were not recovered from authorized sources.
historical_reference	99	IMG_2960.jpeg	original_bytes_unresolved	Original file bytes were not recovered from authorized sources.
historical_reference	100	IMG_2961.jpeg	original_bytes_unresolved	Original file bytes were not recovered from authorized sources.
historical_reference	101	IMG_2962.jpeg	original_bytes_unresolved	Original file bytes were not recovered from authorized sources.
historical_reference	102	IMG_2963.jpeg	original_bytes_unresolved	Original file bytes were not recovered from authorized sources.
historical_reference	103	IMG_2964.jpeg	original_bytes_unresolved	Original file bytes were not recovered from authorized sources.
historical_reference	104	IMG_2965.jpeg	original_bytes_unresolved	Original file bytes were not recovered from authorized sources.
historical_reference	105	IMG_2966.jpeg	original_bytes_unresolved	Original file bytes were not recovered from authorized sources.
historical_reference	106	IMG_2967.jpeg	original_bytes_unresolved	Original file bytes were not recovered from authorized sources.
historical_reference	107	IMG_2968.jpeg	original_bytes_unresolved	Original file bytes were not recovered from authorized sources.
historical_reference	108	IMG_2969.jpeg	original_bytes_unresolved	Original file bytes were not recovered from authorized sources.
historical_reference	109	IMG_2970.jpeg	original_bytes_unresolved	Original file bytes were not recovered from authorized sources.
historical_reference	110	IMG_2971.jpeg	original_bytes_unresolved	Original file bytes were not recovered from authorized sources.
historical_reference	111	IMG_2972.jpeg	original_bytes_unresolved	Original file bytes were not recovered from authorized sources.
historical_reference	112	IMG_2973.jpeg	original_bytes_unresolved	Original file bytes were not recovered from authorized sources.
historical_reference	113	IMG_2974.jpeg	original_bytes_unresolved	Original file bytes were not recovered from authorized sources.
historical_reference	114	IMG_2975.jpeg	original_bytes_unresolved	Original file bytes were not recovered from authorized sources.
historical_reference	115	IMG_2976.jpeg	original_bytes_unresolved	Original file bytes were not recovered from authorized sources.
historical_reference	116	IMG_2977.jpeg	original_bytes_unresolved	Original file bytes were not recovered from authorized sources.
historical_reference	117	IMG_2980.jpeg	original_bytes_unresolved	Original file bytes were not recovered from authorized sources.
historical_reference	118	IMG_2981.jpeg	original_bytes_unresolved	Original file bytes were not recovered from authorized sources.
historical_reference	119	IMG_2982.jpeg	original_bytes_unresolved	Original file bytes were not recovered from authorized sources.
historical_reference	120	IMG_2983.jpeg	original_bytes_unresolved	Original file bytes were not recovered from authorized sources.
historical_reference	121	IMG_2984.jpeg	original_bytes_unresolved	Original file bytes were not recovered from authorized sources.
historical_reference	122	IMG_2985.jpeg	original_bytes_unresolved	Original file bytes were not recovered from authorized sources.
historical_reference	123	IMG_2986.jpeg	original_bytes_unresolved	Original file bytes were not recovered from authorized sources.
historical_reference	124	IMG_2987.jpeg	original_bytes_unresolved	Original file bytes were not recovered from authorized sources.
historical_reference	125	IMG_2988.jpeg	original_bytes_unresolved	Original file bytes were not recovered from authorized sources.
historical_reference	126	IMG_2989.jpeg	original_bytes_unresolved	Original file bytes were not recovered from authorized sources.
historical_reference	127	IMG_2990.jpeg	original_bytes_unresolved	Original file bytes were not recovered from authorized sources.
historical_reference	128	IMG_2991.jpeg	original_bytes_unresolved	Original file bytes were not recovered from authorized sources.
historical_reference	129	IMG_2992.jpeg	original_bytes_unresolved	Original file bytes were not recovered from authorized sources.
historical_reference	130	IMG_2993.jpeg	original_bytes_unresolved	Original file bytes were not recovered from authorized sources.
historical_reference	131	IMG_2994.jpeg	original_bytes_unresolved	Original file bytes were not recovered from authorized sources.
historical_reference	132	IMG_2995.jpeg	original_bytes_unresolved	Original file bytes were not recovered from authorized sources.
historical_reference	133	IMG_2996.jpeg	original_bytes_unresolved	Original file bytes were not recovered from authorized sources.
historical_reference	134	IMG_2997.jpeg	original_bytes_unresolved	Original file bytes were not recovered from authorized sources.
historical_reference	135	IMG_2998.jpeg	original_bytes_unresolved	Original file bytes were not recovered from authorized sources.
historical_reference	136	IMG_2999.jpeg	original_bytes_unresolved	Original file bytes were not recovered from authorized sources.
historical_reference	137	IMG_3001.jpeg	original_bytes_unresolved	Original file bytes were not recovered from authorized sources.
historical_reference	138	IMG_3002.jpeg	original_bytes_unresolved	Original file bytes were not recovered from authorized sources.
historical_reference	139	IMG_3003.jpeg	original_bytes_unresolved	Original file bytes were not recovered from authorized sources.
historical_reference	140	IMG_3004.jpeg	original_bytes_unresolved	Original file bytes were not recovered from authorized sources.
historical_reference	141	IMG_3005.jpeg	original_bytes_unresolved	Original file bytes were not recovered from authorized sources.
historical_reference	142	IMG_3006.jpeg	original_bytes_unresolved	Original file bytes were not recovered from authorized sources.
historical_reference	143	IMG_3007.jpeg	original_bytes_unresolved	Original file bytes were not recovered from authorized sources.
historical_reference	144	IMG_3008.jpeg	original_bytes_unresolved	Original file bytes were not recovered from authorized sources.
historical_reference	145	IMG_3009.jpeg	original_bytes_unresolved	Original file bytes were not recovered from authorized sources.
historical_reference	146	IMG_3010.jpeg	original_bytes_unresolved	Original file bytes were not recovered from authorized sources.
historical_reference	147	IMG_3011.jpeg	original_bytes_unresolved	Original file bytes were not recovered from authorized sources.
historical_reference	148	IMG_3012.jpeg	original_bytes_unresolved	Original file bytes were not recovered from authorized sources.
historical_reference	149	IMG_3043.jpeg	original_bytes_unresolved	Original file bytes were not recovered from authorized sources.
historical_reference	150	IMG_3044.jpeg	original_bytes_unresolved	Original file bytes were not recovered from authorized sources.
historical_reference	151	IMG_3045.jpeg	original_bytes_unresolved	Original file bytes were not recovered from authorized sources.
historical_reference	152	IMG_3046.jpeg	original_bytes_unresolved	Original file bytes were not recovered from authorized sources.
historical_reference	154	IMG_3047(1).jpeg	original_bytes_unresolved	Original file bytes were not recovered from authorized sources.
historical_reference	153	IMG_3047.jpeg	original_bytes_unresolved	Original file bytes were not recovered from authorized sources.
historical_reference	155	IMG_3048.jpeg	original_bytes_unresolved	Original file bytes were not recovered from authorized sources.
historical_reference	156	IMG_3049.jpeg	original_bytes_unresolved	Original file bytes were not recovered from authorized sources.
historical_reference	157	IMG_3050.jpeg	original_bytes_unresolved	Original file bytes were not recovered from authorized sources.
historical_reference	158	IMG_3051.jpeg	original_bytes_unresolved	Original file bytes were not recovered from authorized sources.
historical_reference	159	IMG_3052.jpeg	original_bytes_unresolved	Original file bytes were not recovered from authorized sources.
historical_reference	160	IMG_3053.jpeg	original_bytes_unresolved	Original file bytes were not recovered from authorized sources.
historical_reference	161	IMG_3054.jpeg	original_bytes_unresolved	Original file bytes were not recovered from authorized sources.
historical_reference	162	IMG_3055.jpeg	original_bytes_unresolved	Original file bytes were not recovered from authorized sources.
historical_reference	163	IMG_3056.jpeg	original_bytes_unresolved	Original file bytes were not recovered from authorized sources.
historical_reference	164	IMG_3057.jpeg	original_bytes_unresolved	Original file bytes were not recovered from authorized sources.
historical_reference	165	IMG_3058.jpeg	original_bytes_unresolved	Original file bytes were not recovered from authorized sources.
historical_reference	166	IMG_3059.jpeg	original_bytes_unresolved	Original file bytes were not recovered from authorized sources.
historical_reference	167	IMG_3060.jpeg	original_bytes_unresolved	Original file bytes were not recovered from authorized sources.
historical_reference	168	IMG_3061.jpeg	original_bytes_unresolved	Original file bytes were not recovered from authorized sources.
historical_reference	169	IMG_3062.jpeg	original_bytes_unresolved	Original file bytes were not recovered from authorized sources.
historical_reference	170	IMG_3063.jpeg	original_bytes_unresolved	Original file bytes were not recovered from authorized sources.
historical_reference	171	IMG_3064.jpeg	original_bytes_unresolved	Original file bytes were not recovered from authorized sources.
historical_reference	172	IMG_3065.jpeg	original_bytes_unresolved	Original file bytes were not recovered from authorized sources.
historical_reference	173	IMG_3066.jpeg	original_bytes_unresolved	Original file bytes were not recovered from authorized sources.
historical_reference	174	IMG_3067.jpeg	original_bytes_unresolved	Original file bytes were not recovered from authorized sources.
historical_reference	175	IMG_3068.jpeg	original_bytes_unresolved	Original file bytes were not recovered from authorized sources.
historical_reference	176	IMG_3069.jpeg	original_bytes_unresolved	Original file bytes were not recovered from authorized sources.
historical_reference	177	IMG_3070.jpeg	original_bytes_unresolved	Original file bytes were not recovered from authorized sources.
historical_reference	178	IMG_3071.jpeg	original_bytes_unresolved	Original file bytes were not recovered from authorized sources.
historical_reference	179	IMG_3072.jpeg	original_bytes_unresolved	Original file bytes were not recovered from authorized sources.
historical_reference	180	IMG_3073.jpeg	original_bytes_unresolved	Original file bytes were not recovered from authorized sources.
historical_reference	181	IMG_3074.jpeg	original_bytes_unresolved	Original file bytes were not recovered from authorized sources.
historical_reference	182	IMG_3075.jpeg	original_bytes_unresolved	Original file bytes were not recovered from authorized sources.
historical_reference	183	IMG_3076.jpeg	original_bytes_unresolved	Original file bytes were not recovered from authorized sources.
historical_reference	184	IMG_3077.jpeg	original_bytes_unresolved	Original file bytes were not recovered from authorized sources.
historical_reference	185	IMG_3078.jpeg	original_bytes_unresolved	Original file bytes were not recovered from authorized sources.
historical_reference	186	IMG_3079.jpeg	original_bytes_unresolved	Original file bytes were not recovered from authorized sources.
historical_reference	187	IMG_3080.jpeg	original_bytes_unresolved	Original file bytes were not recovered from authorized sources.
historical_reference	188	IMG_3081.jpeg	original_bytes_unresolved	Original file bytes were not recovered from authorized sources.
historical_reference	189	IMG_3082.jpeg	original_bytes_unresolved	Original file bytes were not recovered from authorized sources.
historical_reference	190	IMG_3083.jpeg	original_bytes_unresolved	Original file bytes were not recovered from authorized sources.
historical_reference	191	IMG_3084.jpeg	original_bytes_unresolved	Original file bytes were not recovered from authorized sources.
historical_reference	192	IMG_3085.jpeg	original_bytes_unresolved	Original file bytes were not recovered from authorized sources.
historical_reference	193	IMG_3086.jpeg	original_bytes_unresolved	Original file bytes were not recovered from authorized sources.
historical_reference	194	IMG_3087.jpeg	original_bytes_unresolved	Original file bytes were not recovered from authorized sources.
historical_reference	195	IMG_3088.jpeg	original_bytes_unresolved	Original file bytes were not recovered from authorized sources.
historical_reference	196	IMG_3089.jpeg	original_bytes_unresolved	Original file bytes were not recovered from authorized sources.
historical_reference	197	IMG_3090.jpeg	original_bytes_unresolved	Original file bytes were not recovered from authorized sources.
historical_reference	198	IMG_3091.jpeg	original_bytes_unresolved	Original file bytes were not recovered from authorized sources.
historical_reference	199	IMG_3092.jpeg	original_bytes_unresolved	Original file bytes were not recovered from authorized sources.
historical_reference	200	IMG_3093.jpeg	original_bytes_unresolved	Original file bytes were not recovered from authorized sources.
historical_reference	201	IMG_3094.jpeg	original_bytes_unresolved	Original file bytes were not recovered from authorized sources.
historical_reference	202	IMG_3095.jpeg	original_bytes_unresolved	Original file bytes were not recovered from authorized sources.
historical_reference	203	IMG_3096.jpeg	original_bytes_unresolved	Original file bytes were not recovered from authorized sources.
historical_reference	204	IMG_3097.jpeg	original_bytes_unresolved	Original file bytes were not recovered from authorized sources.
historical_reference	205	IMG_3098.jpeg	original_bytes_unresolved	Original file bytes were not recovered from authorized sources.
historical_reference	206	IMG_3099.jpeg	original_bytes_unresolved	Original file bytes were not recovered from authorized sources.
historical_reference	207	IMG_3100.jpeg	original_bytes_unresolved	Original file bytes were not recovered from authorized sources.
historical_reference	208	IMG_3101.jpeg	original_bytes_unresolved	Original file bytes were not recovered from authorized sources.
historical_reference	209	IMG_3102.jpeg	original_bytes_unresolved	Original file bytes were not recovered from authorized sources.
historical_reference	210	IMG_3103.jpeg	original_bytes_unresolved	Original file bytes were not recovered from authorized sources.
historical_reference	211	IMG_3104.jpeg	original_bytes_unresolved	Original file bytes were not recovered from authorized sources.
historical_reference	212	IMG_3105.jpeg	original_bytes_unresolved	Original file bytes were not recovered from authorized sources.
historical_reference	213	IMG_3106.jpeg	original_bytes_unresolved	Original file bytes were not recovered from authorized sources.
historical_reference	214	IMG_3107.jpeg	original_bytes_unresolved	Original file bytes were not recovered from authorized sources.
historical_reference	215	IMG_3108.jpeg	original_bytes_unresolved	Original file bytes were not recovered from authorized sources.
historical_reference	216	IMG_3109.jpeg	original_bytes_unresolved	Original file bytes were not recovered from authorized sources.
historical_reference	217	IMG_3110.jpeg	original_bytes_unresolved	Original file bytes were not recovered from authorized sources.
historical_reference	218	IMG_3111.jpeg	original_bytes_unresolved	Original file bytes were not recovered from authorized sources.
historical_reference	219	IMG_3112.jpeg	original_bytes_unresolved	Original file bytes were not recovered from authorized sources.
historical_reference	220	IMG_3113.jpeg	original_bytes_unresolved	Original file bytes were not recovered from authorized sources.
historical_reference	221	IMG_3114.jpeg	original_bytes_unresolved	Original file bytes were not recovered from authorized sources.
historical_reference	222	IMG_3115.jpeg	original_bytes_unresolved	Original file bytes were not recovered from authorized sources.
historical_reference	223	IMG_3116.jpeg	original_bytes_unresolved	Original file bytes were not recovered from authorized sources.
historical_reference	224	IMG_3117.jpeg	original_bytes_unresolved	Original file bytes were not recovered from authorized sources.
historical_reference	225	IMG_3118.jpeg	original_bytes_unresolved	Original file bytes were not recovered from authorized sources.
historical_reference	226	IMG_3119.jpeg	original_bytes_unresolved	Original file bytes were not recovered from authorized sources.
historical_reference	237	IMG_3130.jpeg	original_bytes_unresolved	Original file bytes were not recovered from authorized sources.
historical_reference	238	IMG_3131.jpeg	original_bytes_unresolved	Original file bytes were not recovered from authorized sources.
historical_reference	239	IMG_3132.jpeg	original_bytes_unresolved	Original file bytes were not recovered from authorized sources.
historical_reference	240	IMG_3133.jpeg	original_bytes_unresolved	Original file bytes were not recovered from authorized sources.
historical_reference	241	IMG_3134.jpeg	original_bytes_unresolved	Original file bytes were not recovered from authorized sources.
historical_reference	242	IMG_3135.jpeg	original_bytes_unresolved	Original file bytes were not recovered from authorized sources.
historical_reference	243	IMG_3136.jpeg	original_bytes_unresolved	Original file bytes were not recovered from authorized sources.
historical_reference	244	IMG_3137.jpeg	original_bytes_unresolved	Original file bytes were not recovered from authorized sources.
historical_reference	245	IMG_3138.jpeg	original_bytes_unresolved	Original file bytes were not recovered from authorized sources.
historical_reference	246	IMG_3139.jpeg	original_bytes_unresolved	Original file bytes were not recovered from authorized sources.
historical_reference	247	IMG_3140.jpeg	original_bytes_unresolved	Original file bytes were not recovered from authorized sources.
historical_reference	248	IMG_3141.jpeg	original_bytes_unresolved	Original file bytes were not recovered from authorized sources.
historical_reference	249	IMG_3142.jpeg	original_bytes_unresolved	Original file bytes were not recovered from authorized sources.
historical_reference	250	IMG_3143.jpeg	original_bytes_unresolved	Original file bytes were not recovered from authorized sources.
historical_reference	251	IMG_3144.jpeg	original_bytes_unresolved	Original file bytes were not recovered from authorized sources.
historical_reference	252	IMG_3145.jpeg	original_bytes_unresolved	Original file bytes were not recovered from authorized sources.
historical_reference	253	IMG_3146.jpeg	original_bytes_unresolved	Original file bytes were not recovered from authorized sources.
historical_reference	254	IMG_3147.jpeg	original_bytes_unresolved	Original file bytes were not recovered from authorized sources.
historical_reference	255	IMG_3148.jpeg	original_bytes_unresolved	Original file bytes were not recovered from authorized sources.
historical_reference	256	IMG_3149.jpeg	original_bytes_unresolved	Original file bytes were not recovered from authorized sources.
historical_reference	257	IMG_3150.jpeg	original_bytes_unresolved	Original file bytes were not recovered from authorized sources.
historical_reference	258	IMG_3151.jpeg	original_bytes_unresolved	Original file bytes were not recovered from authorized sources.
historical_reference	259	IMG_3152.jpeg	original_bytes_unresolved	Original file bytes were not recovered from authorized sources.
historical_reference	260	IMG_3153.jpeg	original_bytes_unresolved	Original file bytes were not recovered from authorized sources.
historical_reference	261	IMG_3154.jpeg	original_bytes_unresolved	Original file bytes were not recovered from authorized sources.
historical_reference	262	IMG_3155.jpeg	original_bytes_unresolved	Original file bytes were not recovered from authorized sources.
historical_reference	263	IMG_3156.jpeg	original_bytes_unresolved	Original file bytes were not recovered from authorized sources.
historical_reference	264	IMG_3157.jpeg	original_bytes_unresolved	Original file bytes were not recovered from authorized sources.
historical_reference	265	IMG_3158.jpeg	original_bytes_unresolved	Original file bytes were not recovered from authorized sources.
historical_reference	266	IMG_3159.jpeg	original_bytes_unresolved	Original file bytes were not recovered from authorized sources.
historical_reference	267	IMG_3160.jpeg	original_bytes_unresolved	Original file bytes were not recovered from authorized sources.
historical_reference	268	IMG_3161.jpeg	original_bytes_unresolved	Original file bytes were not recovered from authorized sources.
historical_reference	269	IMG_3162.jpeg	original_bytes_unresolved	Original file bytes were not recovered from authorized sources.
historical_reference	270	IMG_3163.jpeg	original_bytes_unresolved	Original file bytes were not recovered from authorized sources.
historical_reference	271	IMG_3164.jpeg	original_bytes_unresolved	Original file bytes were not recovered from authorized sources.
historical_reference	272	IMG_3165.jpeg	original_bytes_unresolved	Original file bytes were not recovered from authorized sources.
historical_reference	273	IMG_3166.jpeg	original_bytes_unresolved	Original file bytes were not recovered from authorized sources.
historical_reference	274	IMG_3167.jpeg	original_bytes_unresolved	Original file bytes were not recovered from authorized sources.
historical_reference	275	IMG_3168.jpeg	original_bytes_unresolved	Original file bytes were not recovered from authorized sources.
historical_reference	276	IMG_3169.jpeg	original_bytes_unresolved	Original file bytes were not recovered from authorized sources.
historical_reference	277	IMG_3170.jpeg	original_bytes_unresolved	Original file bytes were not recovered from authorized sources.
historical_reference	278	IMG_3171.jpeg	original_bytes_unresolved	Original file bytes were not recovered from authorized sources.
historical_reference	279	IMG_3172.jpeg	original_bytes_unresolved	Original file bytes were not recovered from authorized sources.
historical_reference	280	IMG_3173.jpeg	original_bytes_unresolved	Original file bytes were not recovered from authorized sources.
historical_reference	281	IMG_3174.jpeg	original_bytes_unresolved	Original file bytes were not recovered from authorized sources.
historical_reference	282	IMG_3175.jpeg	original_bytes_unresolved	Original file bytes were not recovered from authorized sources.
historical_reference	283	IMG_3176.jpeg	original_bytes_unresolved	Original file bytes were not recovered from authorized sources.
historical_reference	284	IMG_3177.jpeg	original_bytes_unresolved	Original file bytes were not recovered from authorized sources.
historical_reference	285	IMG_3178.jpeg	original_bytes_unresolved	Original file bytes were not recovered from authorized sources.
historical_reference	286	IMG_3179.jpeg	original_bytes_unresolved	Original file bytes were not recovered from authorized sources.
historical_reference	287	IMG_3180.jpeg	original_bytes_unresolved	Original file bytes were not recovered from authorized sources.
historical_reference	288	IMG_3181.jpeg	original_bytes_unresolved	Original file bytes were not recovered from authorized sources.
historical_reference	289	IMG_3182.jpeg	original_bytes_unresolved	Original file bytes were not recovered from authorized sources.
historical_reference	290	IMG_3183.jpeg	original_bytes_unresolved	Original file bytes were not recovered from authorized sources.
historical_reference	291	IMG_3184.jpeg	original_bytes_unresolved	Original file bytes were not recovered from authorized sources.
historical_reference	292	IMG_3185.jpeg	original_bytes_unresolved	Original file bytes were not recovered from authorized sources.
historical_reference	293	IMG_3186.jpeg	original_bytes_unresolved	Original file bytes were not recovered from authorized sources.
historical_reference	294	IMG_3187.jpeg	original_bytes_unresolved	Original file bytes were not recovered from authorized sources.
historical_reference	295	IMG_3194.jpeg	original_bytes_unresolved	Original file bytes were not recovered from authorized sources.
historical_reference	296	IMG_3195.jpeg	original_bytes_unresolved	Original file bytes were not recovered from authorized sources.
historical_reference	297	IMG_3196.jpeg	original_bytes_unresolved	Original file bytes were not recovered from authorized sources.
historical_reference	298	IMG_3197.jpeg	original_bytes_unresolved	Original file bytes were not recovered from authorized sources.
historical_reference	299	IMG_3198.jpeg	original_bytes_unresolved	Original file bytes were not recovered from authorized sources.
historical_reference	300	IMG_3199.jpeg	original_bytes_unresolved	Original file bytes were not recovered from authorized sources.
historical_reference	301	IMG_3200.jpeg	original_bytes_unresolved	Original file bytes were not recovered from authorized sources.
historical_reference	302	IMG_3201.jpeg	original_bytes_unresolved	Original file bytes were not recovered from authorized sources.
historical_reference	303	IMG_3202.jpeg	original_bytes_unresolved	Original file bytes were not recovered from authorized sources.
historical_reference	304	IMG_3203.jpeg	original_bytes_unresolved	Original file bytes were not recovered from authorized sources.
historical_reference	305	IMG_3204.jpeg	original_bytes_unresolved	Original file bytes were not recovered from authorized sources.
historical_reference	306	IMG_3205.jpeg	original_bytes_unresolved	Original file bytes were not recovered from authorized sources.
historical_reference	307	IMG_3206.jpeg	original_bytes_unresolved	Original file bytes were not recovered from authorized sources.
historical_reference	308	IMG_3207.jpeg	original_bytes_unresolved	Original file bytes were not recovered from authorized sources.
historical_reference	309	IMG_3208.jpeg	original_bytes_unresolved	Original file bytes were not recovered from authorized sources.
historical_reference	310	IMG_3209.jpeg	original_bytes_unresolved	Original file bytes were not recovered from authorized sources.
historical_reference	311	IMG_3210.jpeg	original_bytes_unresolved	Original file bytes were not recovered from authorized sources.
historical_reference	312	IMG_3211.jpeg	original_bytes_unresolved	Original file bytes were not recovered from authorized sources.
historical_reference	313	IMG_3212.jpeg	original_bytes_unresolved	Original file bytes were not recovered from authorized sources.
historical_reference	314	IMG_3213.jpeg	original_bytes_unresolved	Original file bytes were not recovered from authorized sources.
historical_reference	315	IMG_3214.jpeg	original_bytes_unresolved	Original file bytes were not recovered from authorized sources.
historical_reference	316	IMG_3215.jpeg	original_bytes_unresolved	Original file bytes were not recovered from authorized sources.
historical_reference	317	IMG_3216.jpeg	original_bytes_unresolved	Original file bytes were not recovered from authorized sources.
historical_reference	318	IMG_3217.jpeg	original_bytes_unresolved	Original file bytes were not recovered from authorized sources.
historical_reference	319	IMG_3218.jpeg	original_bytes_unresolved	Original file bytes were not recovered from authorized sources.
historical_reference	320	IMG_3219.jpeg	original_bytes_unresolved	Original file bytes were not recovered from authorized sources.
historical_reference	321	IMG_3220.jpeg	original_bytes_unresolved	Original file bytes were not recovered from authorized sources.
historical_reference	322	IMG_3221.jpeg	original_bytes_unresolved	Original file bytes were not recovered from authorized sources.
historical_reference	323	IMG_3222.jpeg	original_bytes_unresolved	Original file bytes were not recovered from authorized sources.
historical_reference	324	IMG_3223.jpeg	original_bytes_unresolved	Original file bytes were not recovered from authorized sources.
historical_reference	325	IMG_3224.jpeg	original_bytes_unresolved	Original file bytes were not recovered from authorized sources.
historical_reference	326	IMG_3225.jpeg	original_bytes_unresolved	Original file bytes were not recovered from authorized sources.
historical_reference	327	IMG_3226.jpeg	original_bytes_unresolved	Original file bytes were not recovered from authorized sources.
historical_reference	328	IMG_3227(1).jpeg	original_bytes_unresolved	Original file bytes were not recovered from authorized sources.
historical_reference	329	IMG_3228(1).jpeg	original_bytes_unresolved	Original file bytes were not recovered from authorized sources.
historical_reference	330	IMG_3229(1).jpeg	original_bytes_unresolved	Original file bytes were not recovered from authorized sources.
historical_reference	331	IMG_3230.jpeg	original_bytes_unresolved	Original file bytes were not recovered from authorized sources.
historical_reference	332	IMG_3231.jpeg	original_bytes_unresolved	Original file bytes were not recovered from authorized sources.
historical_reference	333	IMG_3232.jpeg	original_bytes_unresolved	Original file bytes were not recovered from authorized sources.
historical_reference	334	IMG_3233.jpeg	original_bytes_unresolved	Original file bytes were not recovered from authorized sources.
historical_reference	335	IMG_3234.jpeg	original_bytes_unresolved	Original file bytes were not recovered from authorized sources.
historical_reference	336	IMG_3235.jpeg	original_bytes_unresolved	Original file bytes were not recovered from authorized sources.
historical_reference	337	IMG_3236.jpeg	original_bytes_unresolved	Original file bytes were not recovered from authorized sources.
historical_reference	338	IMG_3237.jpeg	original_bytes_unresolved	Original file bytes were not recovered from authorized sources.
historical_reference	339	IMG_3238.jpeg	original_bytes_unresolved	Original file bytes were not recovered from authorized sources.
historical_reference	340	IMG_3239.jpeg	original_bytes_unresolved	Original file bytes were not recovered from authorized sources.
historical_reference	341	IMG_3240.jpeg	original_bytes_unresolved	Original file bytes were not recovered from authorized sources.
historical_reference	342	IMG_3241.jpeg	original_bytes_unresolved	Original file bytes were not recovered from authorized sources.
historical_reference	343	IMG_3242.jpeg	original_bytes_unresolved	Original file bytes were not recovered from authorized sources.
historical_reference	344	IMG_3243.jpeg	original_bytes_unresolved	Original file bytes were not recovered from authorized sources.
historical_reference	345	IMG_3244.jpeg	original_bytes_unresolved	Original file bytes were not recovered from authorized sources.
historical_reference	346	IMG_3245.jpeg	original_bytes_unresolved	Original file bytes were not recovered from authorized sources.
historical_reference	347	IMG_3246.jpeg	original_bytes_unresolved	Original file bytes were not recovered from authorized sources.
historical_reference	348	IMG_3247.jpeg	original_bytes_unresolved	Original file bytes were not recovered from authorized sources.
historical_reference	349	IMG_3248.jpeg	original_bytes_unresolved	Original file bytes were not recovered from authorized sources.
historical_reference	350	IMG_3249.jpeg	original_bytes_unresolved	Original file bytes were not recovered from authorized sources.
historical_reference	351	IMG_3250.jpeg	original_bytes_unresolved	Original file bytes were not recovered from authorized sources.
historical_reference	352	IMG_3251.jpeg	original_bytes_unresolved	Original file bytes were not recovered from authorized sources.
historical_reference	353	IMG_3252.jpeg	original_bytes_unresolved	Original file bytes were not recovered from authorized sources.
historical_reference	354	IMG_3253.jpeg	original_bytes_unresolved	Original file bytes were not recovered from authorized sources.
historical_reference	355	IMG_3254.jpeg	original_bytes_unresolved	Original file bytes were not recovered from authorized sources.
historical_reference	356	IMG_3255.jpeg	original_bytes_unresolved	Original file bytes were not recovered from authorized sources.
historical_reference	357	IMG_3256.jpeg	original_bytes_unresolved	Original file bytes were not recovered from authorized sources.
historical_reference	358	IMG_3257.jpeg	original_bytes_unresolved	Original file bytes were not recovered from authorized sources.
historical_reference	359	IMG_3258.jpeg	original_bytes_unresolved	Original file bytes were not recovered from authorized sources.
historical_reference	360	IMG_3259.jpeg	original_bytes_unresolved	Original file bytes were not recovered from authorized sources.
historical_reference	361	IMG_3260.jpeg	original_bytes_unresolved	Original file bytes were not recovered from authorized sources.
historical_reference	362	IMG_3266.jpeg	original_bytes_unresolved	Original file bytes were not recovered from authorized sources.
historical_reference	363	IMG_3267.jpeg	original_bytes_unresolved	Original file bytes were not recovered from authorized sources.
historical_reference	364	IMG_3268.jpeg	original_bytes_unresolved	Original file bytes were not recovered from authorized sources.
historical_reference	365	IMG_3269.jpeg	original_bytes_unresolved	Original file bytes were not recovered from authorized sources.
historical_reference	366	IMG_3270.jpeg	original_bytes_unresolved	Original file bytes were not recovered from authorized sources.
historical_reference	367	IMG_3271.jpeg	original_bytes_unresolved	Original file bytes were not recovered from authorized sources.
historical_reference	368	IMG_3272.jpeg	original_bytes_unresolved	Original file bytes were not recovered from authorized sources.
historical_reference	369	IMG_3273.jpeg	original_bytes_unresolved	Original file bytes were not recovered from authorized sources.
historical_reference	370	IMG_3274.jpeg	original_bytes_unresolved	Original file bytes were not recovered from authorized sources.
historical_reference	371	IMG_3275.jpeg	original_bytes_unresolved	Original file bytes were not recovered from authorized sources.
historical_reference	372	IMG_3276.jpeg	original_bytes_unresolved	Original file bytes were not recovered from authorized sources.
historical_reference	373	IMG_3277.jpeg	original_bytes_unresolved	Original file bytes were not recovered from authorized sources.
historical_reference	374	IMG_3278.jpeg	original_bytes_unresolved	Original file bytes were not recovered from authorized sources.
historical_reference	375	IMG_3279.jpeg	original_bytes_unresolved	Original file bytes were not recovered from authorized sources.
historical_reference	376	IMG_3280.jpeg	original_bytes_unresolved	Original file bytes were not recovered from authorized sources.
historical_reference	377	IMG_3281.jpeg	original_bytes_unresolved	Original file bytes were not recovered from authorized sources.
historical_reference	378	IMG_3282.jpeg	original_bytes_unresolved	Original file bytes were not recovered from authorized sources.
historical_reference	379	IMG_3283.jpeg	original_bytes_unresolved	Original file bytes were not recovered from authorized sources.
historical_reference	380	IMG_3284.jpeg	original_bytes_unresolved	Original file bytes were not recovered from authorized sources.
historical_reference	381	IMG_3285.jpeg	original_bytes_unresolved	Original file bytes were not recovered from authorized sources.
historical_reference	382	IMG_3286.jpeg	original_bytes_unresolved	Original file bytes were not recovered from authorized sources.
historical_reference	383	IMG_3287.jpeg	original_bytes_unresolved	Original file bytes were not recovered from authorized sources.
historical_reference	384	IMG_3288.jpeg	original_bytes_unresolved	Original file bytes were not recovered from authorized sources.
historical_reference	385	IMG_3289.jpeg	original_bytes_unresolved	Original file bytes were not recovered from authorized sources.
historical_reference	386	IMG_3290.jpeg	original_bytes_unresolved	Original file bytes were not recovered from authorized sources.
historical_reference	387	IMG_3291.jpeg	original_bytes_unresolved	Original file bytes were not recovered from authorized sources.
historical_reference	388	IMG_3292.jpeg	original_bytes_unresolved	Original file bytes were not recovered from authorized sources.
historical_reference	389	IMG_3293.jpeg	original_bytes_unresolved	Original file bytes were not recovered from authorized sources.
historical_reference	390	IMG_3294.jpeg	original_bytes_unresolved	Original file bytes were not recovered from authorized sources.
historical_reference	391	IMG_3295.jpeg	original_bytes_unresolved	Original file bytes were not recovered from authorized sources.
historical_reference	392	IMG_3296.jpeg	original_bytes_unresolved	Original file bytes were not recovered from authorized sources.
historical_reference	393	IMG_3297(1).jpeg	original_bytes_unresolved	Original file bytes were not recovered from authorized sources.
historical_reference	394	IMG_3298(1).jpeg	original_bytes_unresolved	Original file bytes were not recovered from authorized sources.
historical_reference	395	IMG_3299(1).jpeg	original_bytes_unresolved	Original file bytes were not recovered from authorized sources.
historical_reference	396	IMG_3300(1).jpeg	original_bytes_unresolved	Original file bytes were not recovered from authorized sources.
historical_reference	397	IMG_3301(1).jpeg	original_bytes_unresolved	Original file bytes were not recovered from authorized sources.
historical_reference	398	IMG_3302.jpeg	original_bytes_unresolved	Original file bytes were not recovered from authorized sources.
historical_reference	399	IMG_3303.jpeg	original_bytes_unresolved	Original file bytes were not recovered from authorized sources.
historical_reference	400	IMG_3304.jpeg	original_bytes_unresolved	Original file bytes were not recovered from authorized sources.
historical_reference	401	IMG_3305.jpeg	original_bytes_unresolved	Original file bytes were not recovered from authorized sources.
historical_reference	402	IMG_3306.jpeg	original_bytes_unresolved	Original file bytes were not recovered from authorized sources.
historical_reference	403	IMG_3307.jpeg	original_bytes_unresolved	Original file bytes were not recovered from authorized sources.
historical_reference	404	IMG_3308.jpeg	original_bytes_unresolved	Original file bytes were not recovered from authorized sources.
historical_reference	405	IMG_3309.jpeg	original_bytes_unresolved	Original file bytes were not recovered from authorized sources.
historical_reference	406	IMG_3310.jpeg	original_bytes_unresolved	Original file bytes were not recovered from authorized sources.
historical_reference	407	IMG_3311.jpeg	original_bytes_unresolved	Original file bytes were not recovered from authorized sources.
historical_reference	408	IMG_3312.jpeg	original_bytes_unresolved	Original file bytes were not recovered from authorized sources.
historical_reference	409	IMG_3313.jpeg	original_bytes_unresolved	Original file bytes were not recovered from authorized sources.
historical_reference	410	IMG_3314.jpeg	original_bytes_unresolved	Original file bytes were not recovered from authorized sources.
historical_reference	411	IMG_3315.jpeg	original_bytes_unresolved	Original file bytes were not recovered from authorized sources.
historical_reference	412	IMG_3316.jpeg	original_bytes_unresolved	Original file bytes were not recovered from authorized sources.
historical_reference	413	IMG_3317.jpeg	original_bytes_unresolved	Original file bytes were not recovered from authorized sources.
historical_reference	414	IMG_3318.jpeg	original_bytes_unresolved	Original file bytes were not recovered from authorized sources.
historical_reference	415	IMG_3319.jpeg	original_bytes_unresolved	Original file bytes were not recovered from authorized sources.
historical_reference	416	IMG_3320.jpeg	original_bytes_unresolved	Original file bytes were not recovered from authorized sources.
historical_reference	417	IMG_3322.jpeg	original_bytes_unresolved	Original file bytes were not recovered from authorized sources.
historical_reference	418	IMG_3323.jpeg	original_bytes_unresolved	Original file bytes were not recovered from authorized sources.
historical_reference	419	IMG_3324.jpeg	original_bytes_unresolved	Original file bytes were not recovered from authorized sources.
historical_reference	420	IMG_3325.jpeg	original_bytes_unresolved	Original file bytes were not recovered from authorized sources.
historical_reference	421	IMG_3326.jpeg	original_bytes_unresolved	Original file bytes were not recovered from authorized sources.
historical_reference	422	IMG_3327.jpeg	original_bytes_unresolved	Original file bytes were not recovered from authorized sources.
historical_reference	423	IMG_3328.jpeg	original_bytes_unresolved	Original file bytes were not recovered from authorized sources.
historical_reference	424	IMG_3329.jpeg	original_bytes_unresolved	Original file bytes were not recovered from authorized sources.
historical_reference	425	IMG_3330.jpeg	original_bytes_unresolved	Original file bytes were not recovered from authorized sources.
historical_reference	426	IMG_3331.jpeg	original_bytes_unresolved	Original file bytes were not recovered from authorized sources.
historical_reference	427	IMG_3332.jpeg	original_bytes_unresolved	Original file bytes were not recovered from authorized sources.
historical_reference	428	IMG_3333.jpeg	original_bytes_unresolved	Original file bytes were not recovered from authorized sources.
historical_reference	429	IMG_3334.jpeg	original_bytes_unresolved	Original file bytes were not recovered from authorized sources.
historical_reference	430	IMG_3335.jpeg	original_bytes_unresolved	Original file bytes were not recovered from authorized sources.
historical_reference	431	IMG_3336.jpeg	original_bytes_unresolved	Original file bytes were not recovered from authorized sources.
historical_reference	432	IMG_3337.jpeg	original_bytes_unresolved	Original file bytes were not recovered from authorized sources.
historical_reference	433	IMG_3338.jpeg	original_bytes_unresolved	Original file bytes were not recovered from authorized sources.
historical_reference	434	IMG_3339.jpeg	original_bytes_unresolved	Original file bytes were not recovered from authorized sources.
historical_reference	435	IMG_3340.jpeg	original_bytes_unresolved	Original file bytes were not recovered from authorized sources.
historical_reference	436	IMG_3341.jpeg	original_bytes_unresolved	Original file bytes were not recovered from authorized sources.
historical_reference	437	IMG_3342.jpeg	original_bytes_unresolved	Original file bytes were not recovered from authorized sources.
historical_reference	438	IMG_3343.jpeg	original_bytes_unresolved	Original file bytes were not recovered from authorized sources.
historical_reference	439	IMG_3344.jpeg	original_bytes_unresolved	Original file bytes were not recovered from authorized sources.
historical_reference	440	IMG_3345.jpeg	original_bytes_unresolved	Original file bytes were not recovered from authorized sources.
historical_reference	441	IMG_3346.jpeg	original_bytes_unresolved	Original file bytes were not recovered from authorized sources.
historical_reference	442	IMG_3347.jpeg	original_bytes_unresolved	Original file bytes were not recovered from authorized sources.
historical_reference	443	IMG_3348.jpeg	original_bytes_unresolved	Original file bytes were not recovered from authorized sources.
historical_reference	444	IMG_3349.jpeg	original_bytes_unresolved	Original file bytes were not recovered from authorized sources.
historical_reference	445	IMG_3350.jpeg	original_bytes_unresolved	Original file bytes were not recovered from authorized sources.
historical_reference	446	IMG_3351.jpeg	original_bytes_unresolved	Original file bytes were not recovered from authorized sources.
historical_reference	449	IMG_3352.jpeg	original_bytes_unresolved	Original file bytes were not recovered from authorized sources.
historical_reference	450	IMG_3353.jpeg	original_bytes_unresolved	Original file bytes were not recovered from authorized sources.
historical_reference	451	IMG_3354.jpeg	original_bytes_unresolved	Original file bytes were not recovered from authorized sources.
historical_reference	452	IMG_3355.jpeg	original_bytes_unresolved	Original file bytes were not recovered from authorized sources.
historical_reference	453	IMG_3356.jpeg	original_bytes_unresolved	Original file bytes were not recovered from authorized sources.
historical_reference	454	IMG_3357.jpeg	original_bytes_unresolved	Original file bytes were not recovered from authorized sources.
historical_reference	455	IMG_3358.jpeg	original_bytes_unresolved	Original file bytes were not recovered from authorized sources.
historical_reference	447	IMG_3359.jpeg	original_bytes_unresolved	Original file bytes were not recovered from authorized sources.
historical_reference	448	IMG_3360.jpeg	original_bytes_unresolved	Original file bytes were not recovered from authorized sources.
historical_reference	456	IMG_3361.jpeg	original_bytes_unresolved	Original file bytes were not recovered from authorized sources.
historical_reference	457	IMG_3362.jpeg	original_bytes_unresolved	Original file bytes were not recovered from authorized sources.
historical_reference	458	IMG_3363.jpeg	original_bytes_unresolved	Original file bytes were not recovered from authorized sources.
historical_reference	459	IMG_3364.jpeg	original_bytes_unresolved	Original file bytes were not recovered from authorized sources.
historical_reference	460	IMG_3365.jpeg	original_bytes_unresolved	Original file bytes were not recovered from authorized sources.
historical_reference	461	IMG_3366.jpeg	original_bytes_unresolved	Original file bytes were not recovered from authorized sources.
historical_reference	462	IMG_3367.jpeg	original_bytes_unresolved	Original file bytes were not recovered from authorized sources.
historical_reference	463	IMG_3368.jpeg	original_bytes_unresolved	Original file bytes were not recovered from authorized sources.
historical_reference	464	IMG_3369.jpeg	original_bytes_unresolved	Original file bytes were not recovered from authorized sources.
historical_reference	465	IMG_3370.jpeg	original_bytes_unresolved	Original file bytes were not recovered from authorized sources.
historical_reference	466	IMG_3371.jpeg	original_bytes_unresolved	Original file bytes were not recovered from authorized sources.
historical_reference	467	IMG_3372.jpeg	original_bytes_unresolved	Original file bytes were not recovered from authorized sources.
historical_reference	468	IMG_3373.jpeg	original_bytes_unresolved	Original file bytes were not recovered from authorized sources.
historical_reference	469	IMG_3374.jpeg	original_bytes_unresolved	Original file bytes were not recovered from authorized sources.
historical_reference	470	IMG_3375.jpeg	original_bytes_unresolved	Original file bytes were not recovered from authorized sources.
historical_reference	471	IMG_3376.jpeg	original_bytes_unresolved	Original file bytes were not recovered from authorized sources.
historical_reference	472	IMG_3377.jpeg	original_bytes_unresolved	Original file bytes were not recovered from authorized sources.
historical_reference	473	IMG_3378.jpeg	original_bytes_unresolved	Original file bytes were not recovered from authorized sources.
historical_reference	474	IMG_3379.jpeg	original_bytes_unresolved	Original file bytes were not recovered from authorized sources.
historical_reference	475	IMG_3380.jpeg	original_bytes_unresolved	Original file bytes were not recovered from authorized sources.
historical_reference	476	IMG_3381.jpeg	original_bytes_unresolved	Original file bytes were not recovered from authorized sources.
historical_reference	477	IMG_3382.jpeg	original_bytes_unresolved	Original file bytes were not recovered from authorized sources.
historical_reference	478	IMG_3383.jpeg	original_bytes_unresolved	Original file bytes were not recovered from authorized sources.
historical_reference	479	IMG_3384.jpeg	original_bytes_unresolved	Original file bytes were not recovered from authorized sources.
historical_reference	480	IMG_3385.jpeg	original_bytes_unresolved	Original file bytes were not recovered from authorized sources.
historical_reference	481	IMG_3386.jpeg	original_bytes_unresolved	Original file bytes were not recovered from authorized sources.
historical_reference	482	IMG_3387.jpeg	original_bytes_unresolved	Original file bytes were not recovered from authorized sources.
historical_reference	483	IMG_3388.jpeg	original_bytes_unresolved	Original file bytes were not recovered from authorized sources.
historical_reference	484	IMG_3389.jpeg	original_bytes_unresolved	Original file bytes were not recovered from authorized sources.
historical_reference	485	IMG_3390.jpeg	original_bytes_unresolved	Original file bytes were not recovered from authorized sources.
historical_reference	486	IMG_3391.jpeg	original_bytes_unresolved	Original file bytes were not recovered from authorized sources.
historical_reference	487	IMG_3392.jpeg	original_bytes_unresolved	Original file bytes were not recovered from authorized sources.
historical_reference	488	IMG_3393.jpeg	original_bytes_unresolved	Original file bytes were not recovered from authorized sources.
historical_reference	489	IMG_3394.jpeg	original_bytes_unresolved	Original file bytes were not recovered from authorized sources.
historical_reference	490	IMG_3395.jpeg	original_bytes_unresolved	Original file bytes were not recovered from authorized sources.
historical_reference	491	IMG_3396.jpeg	original_bytes_unresolved	Original file bytes were not recovered from authorized sources.
historical_reference	492	IMG_3397.jpeg	original_bytes_unresolved	Original file bytes were not recovered from authorized sources.
historical_reference	493	IMG_3398.jpeg	original_bytes_unresolved	Original file bytes were not recovered from authorized sources.
historical_reference	494	IMG_3399.jpeg	original_bytes_unresolved	Original file bytes were not recovered from authorized sources.
historical_reference	495	IMG_3400.jpeg	original_bytes_unresolved	Original file bytes were not recovered from authorized sources.
historical_reference	496	IMG_3401.jpeg	original_bytes_unresolved	Original file bytes were not recovered from authorized sources.
historical_reference	497	IMG_3402.jpeg	original_bytes_unresolved	Original file bytes were not recovered from authorized sources.
historical_reference	498	IMG_3403.jpeg	original_bytes_unresolved	Original file bytes were not recovered from authorized sources.
historical_reference	499	IMG_3404.jpeg	original_bytes_unresolved	Original file bytes were not recovered from authorized sources.
historical_reference	500	IMG_3405.jpeg	original_bytes_unresolved	Original file bytes were not recovered from authorized sources.
historical_reference	501	IMG_3406.jpeg	original_bytes_unresolved	Original file bytes were not recovered from authorized sources.
historical_reference	502	IMG_3407.jpeg	original_bytes_unresolved	Original file bytes were not recovered from authorized sources.
historical_reference	503	IMG_3408.jpeg	original_bytes_unresolved	Original file bytes were not recovered from authorized sources.
historical_reference	504	IMG_3409.jpeg	original_bytes_unresolved	Original file bytes were not recovered from authorized sources.
historical_reference	505	IMG_3410.jpeg	original_bytes_unresolved	Original file bytes were not recovered from authorized sources.
historical_reference	506	IMG_3411.jpeg	original_bytes_unresolved	Original file bytes were not recovered from authorized sources.
historical_reference	507	IMG_3412.jpeg	original_bytes_unresolved	Original file bytes were not recovered from authorized sources.
historical_reference	508	IMG_3413.jpeg	original_bytes_unresolved	Original file bytes were not recovered from authorized sources.
historical_reference	509	IMG_3414.jpeg	original_bytes_unresolved	Original file bytes were not recovered from authorized sources.
historical_reference	510	IMG_3415.jpeg	original_bytes_unresolved	Original file bytes were not recovered from authorized sources.
historical_reference	511	IMG_3416.jpeg	original_bytes_unresolved	Original file bytes were not recovered from authorized sources.
historical_reference	512	IMG_3417.jpeg	original_bytes_unresolved	Original file bytes were not recovered from authorized sources.
historical_reference	513	IMG_3418.jpeg	original_bytes_unresolved	Original file bytes were not recovered from authorized sources.
historical_reference	514	IMG_3419.jpeg	original_bytes_unresolved	Original file bytes were not recovered from authorized sources.
historical_reference	515	IMG_3420.jpeg	original_bytes_unresolved	Original file bytes were not recovered from authorized sources.
historical_reference	516	IMG_3421.jpeg	original_bytes_unresolved	Original file bytes were not recovered from authorized sources.
historical_reference	517	IMG_3422.jpeg	original_bytes_unresolved	Original file bytes were not recovered from authorized sources.
historical_reference	518	IMG_3423.jpeg	original_bytes_unresolved	Original file bytes were not recovered from authorized sources.
historical_reference	519	IMG_3424.jpeg	original_bytes_unresolved	Original file bytes were not recovered from authorized sources.
historical_reference	520	IMG_3425.jpeg	original_bytes_unresolved	Original file bytes were not recovered from authorized sources.
historical_reference	521	IMG_3426.jpeg	original_bytes_unresolved	Original file bytes were not recovered from authorized sources.
historical_reference	522	IMG_3427.jpeg	original_bytes_unresolved	Original file bytes were not recovered from authorized sources.
historical_reference	523	IMG_3428.jpeg	original_bytes_unresolved	Original file bytes were not recovered from authorized sources.
historical_reference	524	IMG_3429.jpeg	original_bytes_unresolved	Original file bytes were not recovered from authorized sources.
historical_reference	525	IMG_3430.jpeg	original_bytes_unresolved	Original file bytes were not recovered from authorized sources.
historical_reference	526	IMG_3431.jpeg	original_bytes_unresolved	Original file bytes were not recovered from authorized sources.
historical_reference	527	IMG_3432.jpeg	original_bytes_unresolved	Original file bytes were not recovered from authorized sources.
historical_reference	528	IMG_3433.jpeg	original_bytes_unresolved	Original file bytes were not recovered from authorized sources.
historical_reference	529	IMG_3434.jpeg	original_bytes_unresolved	Original file bytes were not recovered from authorized sources.
historical_reference	530	IMG_3435.jpeg	original_bytes_unresolved	Original file bytes were not recovered from authorized sources.
historical_reference	611	IMG_3445.jpeg	original_bytes_unresolved	Original file bytes were not recovered from authorized sources.
historical_reference	610	IMG_3447.jpeg	original_bytes_unresolved	Original file bytes were not recovered from authorized sources.
historical_reference	608	IMG_3452(1).jpeg	original_bytes_unresolved	Original file bytes were not recovered from authorized sources.
historical_reference	609	IMG_3453(1).jpeg	original_bytes_unresolved	Original file bytes were not recovered from authorized sources.
historical_reference	607	IMG_3455(1).jpeg	original_bytes_unresolved	Original file bytes were not recovered from authorized sources.
historical_reference	606	IMG_3456(1).jpeg	original_bytes_unresolved	Original file bytes were not recovered from authorized sources.
historical_reference	605	IMG_3458(1).jpeg	original_bytes_unresolved	Original file bytes were not recovered from authorized sources.
historical_reference	612	IMG_3470.jpeg	original_bytes_unresolved	Original file bytes were not recovered from authorized sources.
historical_reference	604	IMG_3471.jpeg	original_bytes_unresolved	Original file bytes were not recovered from authorized sources.
historical_reference	538	IMG_3481.jpeg	original_bytes_unresolved	Original file bytes were not recovered from authorized sources.
historical_reference	539	IMG_3482.jpeg	original_bytes_unresolved	Original file bytes were not recovered from authorized sources.
historical_reference	540	IMG_3483.jpeg	original_bytes_unresolved	Original file bytes were not recovered from authorized sources.
historical_reference	541	IMG_3484.jpeg	original_bytes_unresolved	Original file bytes were not recovered from authorized sources.
historical_reference	542	IMG_3485.jpeg	original_bytes_unresolved	Original file bytes were not recovered from authorized sources.
historical_reference	543	IMG_3486.jpeg	original_bytes_unresolved	Original file bytes were not recovered from authorized sources.
historical_reference	544	IMG_3489.jpeg	original_bytes_unresolved	Original file bytes were not recovered from authorized sources.
historical_reference	545	IMG_3490.jpeg	original_bytes_unresolved	Original file bytes were not recovered from authorized sources.
historical_reference	546	IMG_3491.jpeg	original_bytes_unresolved	Original file bytes were not recovered from authorized sources.
historical_reference	547	IMG_3492.jpeg	original_bytes_unresolved	Original file bytes were not recovered from authorized sources.
historical_reference	548	IMG_3493.jpeg	original_bytes_unresolved	Original file bytes were not recovered from authorized sources.
historical_reference	549	IMG_3494.jpeg	original_bytes_unresolved	Original file bytes were not recovered from authorized sources.
historical_reference	550	IMG_3495.jpeg	original_bytes_unresolved	Original file bytes were not recovered from authorized sources.
historical_reference	551	IMG_3496.jpeg	original_bytes_unresolved	Original file bytes were not recovered from authorized sources.
historical_reference	552	IMG_3497.jpeg	original_bytes_unresolved	Original file bytes were not recovered from authorized sources.
historical_reference	553	IMG_3498.jpeg	original_bytes_unresolved	Original file bytes were not recovered from authorized sources.
historical_reference	554	IMG_3499.jpeg	original_bytes_unresolved	Original file bytes were not recovered from authorized sources.
historical_reference	555	IMG_3501.jpeg	original_bytes_unresolved	Original file bytes were not recovered from authorized sources.
historical_reference	556	IMG_3502.jpeg	original_bytes_unresolved	Original file bytes were not recovered from authorized sources.
historical_reference	557	IMG_3503.jpeg	original_bytes_unresolved	Original file bytes were not recovered from authorized sources.
historical_reference	558	IMG_3504.jpeg	original_bytes_unresolved	Original file bytes were not recovered from authorized sources.
historical_reference	559	IMG_3505.jpeg	original_bytes_unresolved	Original file bytes were not recovered from authorized sources.
historical_reference	560	IMG_3506.jpeg	original_bytes_unresolved	Original file bytes were not recovered from authorized sources.
historical_reference	561	IMG_3507.jpeg	original_bytes_unresolved	Original file bytes were not recovered from authorized sources.
historical_reference	562	IMG_3508.jpeg	original_bytes_unresolved	Original file bytes were not recovered from authorized sources.
historical_reference	563	IMG_3509.jpeg	original_bytes_unresolved	Original file bytes were not recovered from authorized sources.
historical_reference	564	IMG_3510.jpeg	original_bytes_unresolved	Original file bytes were not recovered from authorized sources.
historical_reference	565	IMG_3511.jpeg	original_bytes_unresolved	Original file bytes were not recovered from authorized sources.
historical_reference	566	IMG_3513.jpeg	original_bytes_unresolved	Original file bytes were not recovered from authorized sources.
historical_reference	567	IMG_3515.jpeg	original_bytes_unresolved	Original file bytes were not recovered from authorized sources.
historical_reference	568	IMG_3517.jpeg	original_bytes_unresolved	Original file bytes were not recovered from authorized sources.
historical_reference	569	IMG_3518.jpeg	original_bytes_unresolved	Original file bytes were not recovered from authorized sources.
historical_reference	570	IMG_3519.jpeg	original_bytes_unresolved	Original file bytes were not recovered from authorized sources.
historical_reference	571	IMG_3521.jpeg	original_bytes_unresolved	Original file bytes were not recovered from authorized sources.
historical_reference	572	IMG_3523.jpeg	original_bytes_unresolved	Original file bytes were not recovered from authorized sources.
historical_reference	573	IMG_3524.jpeg	original_bytes_unresolved	Original file bytes were not recovered from authorized sources.
historical_reference	574	IMG_3525.jpeg	original_bytes_unresolved	Original file bytes were not recovered from authorized sources.
historical_reference	575	IMG_3526.jpeg	original_bytes_unresolved	Original file bytes were not recovered from authorized sources.
historical_reference	576	IMG_3527.jpeg	original_bytes_unresolved	Original file bytes were not recovered from authorized sources.
historical_reference	577	IMG_3528.jpeg	original_bytes_unresolved	Original file bytes were not recovered from authorized sources.
historical_reference	578	IMG_3529(1).jpeg	original_bytes_unresolved	Original file bytes were not recovered from authorized sources.
historical_reference	579	IMG_3530.jpeg	original_bytes_unresolved	Original file bytes were not recovered from authorized sources.
historical_reference	580	IMG_3531.jpeg	original_bytes_unresolved	Original file bytes were not recovered from authorized sources.
historical_reference	582	IMG_3533.jpeg	original_bytes_unresolved	Original file bytes were not recovered from authorized sources.
historical_reference	583	IMG_3534.jpeg	original_bytes_unresolved	Original file bytes were not recovered from authorized sources.
historical_reference	584	IMG_3535.jpeg	original_bytes_unresolved	Original file bytes were not recovered from authorized sources.
historical_reference	585	IMG_3536.jpeg	original_bytes_unresolved	Original file bytes were not recovered from authorized sources.
historical_reference	586	IMG_3537.jpeg	original_bytes_unresolved	Original file bytes were not recovered from authorized sources.
historical_reference	587	IMG_3538.jpeg	original_bytes_unresolved	Original file bytes were not recovered from authorized sources.
historical_reference	588	IMG_3539.jpeg	original_bytes_unresolved	Original file bytes were not recovered from authorized sources.
historical_reference	589	IMG_3540.jpeg	original_bytes_unresolved	Original file bytes were not recovered from authorized sources.
historical_reference	590	IMG_3541.jpeg	original_bytes_unresolved	Original file bytes were not recovered from authorized sources.
historical_reference	591	IMG_3542.jpeg	original_bytes_unresolved	Original file bytes were not recovered from authorized sources.
historical_reference	597	IMG_3543.jpeg	original_bytes_unresolved	Original file bytes were not recovered from authorized sources.
historical_reference	596	IMG_3544.jpeg	original_bytes_unresolved	Original file bytes were not recovered from authorized sources.
historical_reference	595	IMG_3545.jpeg	original_bytes_unresolved	Original file bytes were not recovered from authorized sources.
historical_reference	594	IMG_3546.jpeg	original_bytes_unresolved	Original file bytes were not recovered from authorized sources.
historical_reference	593	IMG_3547.jpeg	original_bytes_unresolved	Original file bytes were not recovered from authorized sources.
historical_reference	592	IMG_3548.jpeg	original_bytes_unresolved	Original file bytes were not recovered from authorized sources.
historical_reference	598	IMG_3549(1).jpeg	original_bytes_unresolved	Original file bytes were not recovered from authorized sources.
historical_reference	599	IMG_3550(1).jpeg	original_bytes_unresolved	Original file bytes were not recovered from authorized sources.
historical_reference	600	IMG_3551(1).jpeg	original_bytes_unresolved	Original file bytes were not recovered from authorized sources.
historical_reference	601	IMG_3552(1).jpeg	original_bytes_unresolved	Original file bytes were not recovered from authorized sources.
historical_reference	602	IMG_3553.jpeg	original_bytes_unresolved	Original file bytes were not recovered from authorized sources.
historical_reference	603	IMG_3554.jpeg	original_bytes_unresolved	Original file bytes were not recovered from authorized sources.
local_archive	201611	IMG_1611.jpg	content_unreviewed	['source image requires fact comparison']
local_archive	201858	IMG_1858.jpg	content_unreviewed	['source image requires fact comparison']
local_archive	202592	IMG_2592.jpg	content_unreviewed	['source image requires fact comparison']
local_archive	202593	IMG_2593.jpg	content_unreviewed	['source image requires fact comparison']
local_archive	202594	IMG_2594.jpg	content_unreviewed	['source image requires fact comparison']
local_archive	202597	IMG_2597.jpg	content_unreviewed	['source image requires fact comparison']
local_archive	202598	IMG_2598.jpg	content_unreviewed	['source image requires fact comparison']
local_archive	202599	IMG_2599.jpg	content_unreviewed	['source image requires fact comparison']
local_archive	202600	IMG_2600.jpg	content_unreviewed	['source image requires fact comparison']
local_archive	202601	IMG_2601.jpg	content_unreviewed	['source image requires fact comparison']
local_archive	202602	IMG_2602.jpg	content_unreviewed	['source image requires fact comparison']
local_archive	202603	IMG_2603.jpg	content_unreviewed	['source image requires fact comparison']
local_archive	202604	IMG_2604.jpg	content_unreviewed	['source image requires fact comparison']
local_archive	202605	IMG_2605.jpg	content_unreviewed	['source image requires fact comparison']
local_archive	202606	IMG_2606.jpg	content_unreviewed	['source image requires fact comparison']
local_archive	202607	IMG_2607.jpg	content_unreviewed	['source image requires fact comparison']
local_archive	202641	IMG_2641.jpg	content_unreviewed	['source image requires fact comparison']
local_archive	202642	IMG_2642.jpg	content_unreviewed	['source image requires fact comparison']
local_archive	202643	IMG_2643.jpg	content_unreviewed	['source image requires fact comparison']
local_archive	202644	IMG_2644.jpg	content_unreviewed	['source image requires fact comparison']
local_archive	202645	IMG_2645.jpg	content_unreviewed	['source image requires fact comparison']
local_archive	202646	IMG_2646.jpg	content_unreviewed	['source image requires fact comparison']
local_archive	202647	IMG_2647.jpg	content_unreviewed	['source image requires fact comparison']
local_archive	202648	IMG_2648.jpg	content_unreviewed	['source image requires fact comparison']
local_archive	202649	IMG_2649.jpg	content_unreviewed	['source image requires fact comparison']
local_archive	202651	IMG_2651.jpg	content_unreviewed	['source image requires fact comparison']
local_archive	202652	IMG_2652.jpg	content_unreviewed	['source image requires fact comparison']
local_archive	202653	IMG_2653.jpg	content_unreviewed	['source image requires fact comparison']
local_archive	202654	IMG_2654.jpg	content_unreviewed	['source image requires fact comparison']
local_archive	202655	IMG_2655.jpg	content_unreviewed	['source image requires fact comparison']
local_archive	202657	IMG_2657.jpg	content_unreviewed	['source image requires fact comparison']
local_archive	202658	IMG_2658.jpg	content_unreviewed	['source image requires fact comparison']
local_archive	202659	IMG_2659.jpg	content_unreviewed	['source image requires fact comparison']
local_archive	202660	IMG_2660.jpg	content_unreviewed	['source image requires fact comparison']
local_archive	202661	IMG_2661.jpg	content_unreviewed	['source image requires fact comparison']
local_archive	202662	IMG_2662.jpg	content_unreviewed	['source image requires fact comparison']
local_archive	202663	IMG_2663.jpg	content_unreviewed	['source image requires fact comparison']
local_archive	202664	IMG_2664.jpg	content_unreviewed	['source image requires fact comparison']
local_archive	202665	IMG_2665.jpg	content_unreviewed	['source image requires fact comparison']
local_archive	202666	IMG_2666.jpg	content_unreviewed	['source image requires fact comparison']
local_archive	202667	IMG_2667.jpg	content_unreviewed	['source image requires fact comparison']
local_archive	202668	IMG_2668.jpg	content_unreviewed	['source image requires fact comparison']
local_archive	202669	IMG_2669.jpg	content_unreviewed	['source image requires fact comparison']
local_archive	202670	IMG_2670.jpg	content_unreviewed	['source image requires fact comparison']
local_archive	202675	IMG_2675.jpg	content_unreviewed	['source image requires fact comparison']
local_archive	202676	IMG_2676.jpg	content_unreviewed	['source image requires fact comparison']
local_archive	202677	IMG_2677.jpg	content_unreviewed	['source image requires fact comparison']
local_archive	202679	IMG_2679.jpg	content_unreviewed	['source image requires fact comparison']
local_archive	202680	IMG_2680.jpg	content_unreviewed	['source image requires fact comparison']
local_archive	202681	IMG_2681.jpg	content_unreviewed	['source image requires fact comparison']
local_archive	202686	IMG_2686.jpg	content_unreviewed	['source image requires fact comparison']
local_archive	202687	IMG_2687.jpg	content_unreviewed	['source image requires fact comparison']
local_archive	202688	IMG_2688.jpg	content_unreviewed	['source image requires fact comparison']
local_archive	202689	IMG_2689.jpg	content_unreviewed	['source image requires fact comparison']
local_archive	202691	IMG_2691.jpg	content_unreviewed	['source image requires fact comparison']
local_archive	202692	IMG_2692.jpg	content_unreviewed	['source image requires fact comparison']
local_archive	202693	IMG_2693.jpg	content_unreviewed	['source image requires fact comparison']
local_archive	202694	IMG_2694.jpg	content_unreviewed	['source image requires fact comparison']
local_archive	202695	IMG_2695.jpg	content_unreviewed	['source image requires fact comparison']
local_archive	202696	IMG_2696.jpg	content_unreviewed	['source image requires fact comparison']
local_archive	202697	IMG_2697.jpg	content_unreviewed	['source image requires fact comparison']
local_archive	202698	IMG_2698.jpg	content_unreviewed	['source image requires fact comparison']
local_archive	202701	IMG_2701.jpg	content_unreviewed	['source image requires fact comparison']
local_archive	202702	IMG_2702.jpg	content_unreviewed	['source image requires fact comparison']
local_archive	202703	IMG_2703.jpg	content_unreviewed	['source image requires fact comparison']
local_archive	202704	IMG_2704.jpg	content_unreviewed	['source image requires fact comparison']
local_archive	202705	IMG_2705.jpg	content_unreviewed	['source image requires fact comparison']
local_archive	202706	IMG_2706.jpg	content_unreviewed	['source image requires fact comparison']
local_archive	202709	IMG_2709.jpg	content_unreviewed	['source image requires fact comparison']
local_archive	202710	IMG_2710.jpg	content_unreviewed	['source image requires fact comparison']
local_archive	202711	IMG_2711.jpg	content_unreviewed	['source image requires fact comparison']
local_archive	202712	IMG_2712.jpg	content_unreviewed	['source image requires fact comparison']
local_archive	202713	IMG_2713.jpg	content_unreviewed	['source image requires fact comparison']
local_archive	202714	IMG_2714.jpg	content_unreviewed	['source image requires fact comparison']
local_archive	202715	IMG_2715.jpg	content_unreviewed	['source image requires fact comparison']
local_archive	202717	IMG_2717.jpg	content_unreviewed	['source image requires fact comparison']
local_archive	202718	IMG_2718.jpg	content_unreviewed	['source image requires fact comparison']
local_archive	202719	IMG_2719.jpg	content_unreviewed	['source image requires fact comparison']
local_archive	202720	IMG_2720.jpg	content_unreviewed	['source image requires fact comparison']
local_archive	202721	IMG_2721.jpg	content_unreviewed	['source image requires fact comparison']
local_archive	202722	IMG_2722.jpg	content_unreviewed	['source image requires fact comparison']
local_archive	202736	IMG_2736.jpg	content_unreviewed	['source image requires fact comparison']
local_archive	202738	IMG_2738.jpg	content_unreviewed	['source image requires fact comparison']
local_archive	202739	IMG_2739.jpg	content_unreviewed	['source image requires fact comparison']
local_archive	202740	IMG_2740.jpg	content_unreviewed	['source image requires fact comparison']
local_archive	202742	IMG_2742.jpg	content_unreviewed	['source image requires fact comparison']
local_archive	202743	IMG_2743.jpg	content_unreviewed	['source image requires fact comparison']
local_archive	202744	IMG_2744.jpg	content_unreviewed	['source image requires fact comparison']
local_archive	202745	IMG_2745.jpg	content_unreviewed	['source image requires fact comparison']
local_archive	202746	IMG_2746.jpg	content_unreviewed	['source image requires fact comparison']
local_archive	300001	Screenshot 2026-08-25 at 9.25.12 PM.png	content_unreviewed	['source image requires fact comparison']
local_archive	300002	Screenshot 2026-08-26 at 6.40.33 PM.png	content_unreviewed	['source image requires fact comparison']
local_archive	300003	Screenshot 2026-08-26 at 6.40.40 PM.png	content_unreviewed	['source image requires fact comparison']
local_archive	300004	Screenshot 2026-08-26 at 6.40.43 PM.png	content_unreviewed	['source image requires fact comparison']
local_archive	300005	Screenshot 2026-08-26 at 6.40.47 PM.png	content_unreviewed	['source image requires fact comparison']
